-- phpMyAdmin SQL Dump
-- version 5.2.0
-- https://www.phpmyadmin.net/
--
-- Host: 127.0.0.1
-- Tempo de geração: 10-Nov-2023 às 23:57
-- Versão do servidor: 10.4.27-MariaDB
-- versão do PHP: 8.2.0

SET SQL_MODE = "NO_AUTO_VALUE_ON_ZERO";
START TRANSACTION;
SET time_zone = "+00:00";


/*!40101 SET @OLD_CHARACTER_SET_CLIENT=@@CHARACTER_SET_CLIENT */;
/*!40101 SET @OLD_CHARACTER_SET_RESULTS=@@CHARACTER_SET_RESULTS */;
/*!40101 SET @OLD_COLLATION_CONNECTION=@@COLLATION_CONNECTION */;
/*!40101 SET NAMES utf8mb4 */;

--
-- Banco de dados: `pweb_restaurante`
--

-- --------------------------------------------------------

--
-- Estrutura da tabela `atendimentos`
--

CREATE TABLE `atendimentos` (
  `id` int(10) UNSIGNED NOT NULL,
  `pessoas_id` int(10) UNSIGNED DEFAULT NULL,
  `mesa` int(11) DEFAULT NULL COMMENT 'caso o antedimento seja presencial informe o número da mesa.',
  `pagamento_data` datetime DEFAULT NULL,
  `valor_desconto` float DEFAULT 0 COMMENT 'Será a soma de todos pedidos no momento do pagamento - a soma de todos os pagamentos. o dado será amarazenado para confirmar a ciência do operador de caixa que os valores não são correspondentes.',
  `taxa_servico` float DEFAULT 0,
  `criacao_data` datetime NOT NULL DEFAULT current_timestamp(),
  `alteracao_data` datetime DEFAULT NULL,
  `exclusao_data` datetime DEFAULT NULL
) ENGINE=InnoDB DEFAULT CHARSET=utf8 COLLATE=utf8_general_ci;

--
-- Extraindo dados da tabela `atendimentos`
--

INSERT INTO `atendimentos` (`id`, `pessoas_id`, `mesa`, `pagamento_data`, `valor_desconto`, `taxa_servico`, `criacao_data`, `alteracao_data`, `exclusao_data`) VALUES
(1, 79, 26, NULL, 0, 4.19, '2023-05-23 19:32:28', NULL, NULL),
(2, NULL, 14, NULL, 0, 25.02, '2022-12-22 20:20:20', NULL, NULL),
(3, NULL, 14, NULL, 0, 6.44, '2023-09-25 20:34:09', NULL, NULL),
(4, NULL, 7, NULL, 0, 3.1, '2023-02-26 21:59:57', NULL, NULL),
(5, NULL, 21, NULL, 0, 11.49, '2023-05-30 21:12:53', NULL, NULL),
(6, NULL, 21, NULL, 0, 16.48, '2023-10-23 23:54:55', NULL, NULL),
(7, NULL, 11, NULL, 0, 5.94, '2022-11-04 20:51:14', NULL, NULL),
(8, NULL, 13, NULL, 0, 1.5, '2023-08-22 20:05:55', NULL, NULL),
(9, NULL, 17, NULL, 0, 13.23, '2023-01-06 20:26:58', NULL, NULL),
(10, NULL, 16, NULL, 0, 4, '2022-12-14 20:22:32', NULL, NULL),
(11, 157, 8, NULL, 0, 8.59, '2023-02-02 19:45:28', NULL, NULL),
(12, 48, 20, NULL, 0, 7.52, '2023-05-07 21:04:27', NULL, NULL),
(13, 173, 25, NULL, 0, 3.05, '2022-11-11 19:03:17', NULL, NULL),
(14, NULL, 2, NULL, 0, 30.62, '2023-07-22 20:24:04', NULL, NULL),
(15, NULL, 24, NULL, 0, 5.25, '2023-03-14 21:23:19', NULL, NULL),
(16, NULL, 30, NULL, 0, NULL, '2023-04-26 21:31:03', NULL, NULL),
(17, NULL, 23, NULL, 0, 1.8, '2022-11-11 20:33:17', NULL, NULL),
(18, NULL, 6, NULL, 0, 5.59, '2023-08-05 20:41:39', NULL, NULL),
(19, NULL, 21, NULL, 0, 0, '2022-12-07 20:37:24', NULL, NULL),
(20, NULL, 6, NULL, 0, 2.85, '2023-04-13 21:03:03', NULL, NULL),
(21, NULL, 18, NULL, 0, 4.15, '2023-07-18 21:01:18', NULL, NULL),
(22, NULL, 21, NULL, 0, 0, '2023-06-23 20:27:13', NULL, NULL),
(23, 41, 6, NULL, 0, 0, '2023-10-20 21:56:59', NULL, NULL),
(24, NULL, 5, NULL, 0, 2.65, '2022-11-07 20:31:23', NULL, NULL),
(25, NULL, 25, NULL, 0, 3.95, '2023-03-23 20:36:56', NULL, NULL),
(26, 120, 15, NULL, 0, 0, '2023-10-28 20:44:58', NULL, NULL),
(27, NULL, 27, NULL, 0, 0, '2023-04-11 21:44:59', NULL, NULL),
(28, 201, 12, NULL, 0, 3.15, '2023-02-25 20:48:33', NULL, NULL),
(29, NULL, 22, NULL, 0, 18.94, '2022-12-10 19:21:32', NULL, NULL),
(30, 179, 18, NULL, 0, 10.09, '2023-04-18 21:19:27', NULL, NULL),
(31, NULL, 16, NULL, 0, 4.99, '2023-05-14 21:29:08', NULL, NULL),
(32, NULL, 9, NULL, 0, 0, '2023-05-21 21:54:13', NULL, NULL),
(33, NULL, 13, NULL, 0, 0, '2023-10-23 21:22:34', NULL, NULL),
(34, NULL, 17, NULL, 0, 0, '2023-01-17 20:54:51', NULL, NULL),
(35, NULL, 9, NULL, 0, 12.29, '2023-06-16 23:41:27', NULL, NULL),
(36, 156, 2, NULL, 0, 0.73, '2023-06-25 20:38:16', NULL, NULL),
(37, NULL, 20, NULL, 0, 3.45, '2023-07-10 19:54:17', NULL, NULL),
(38, NULL, 17, NULL, 0, 8.02, '2023-08-16 20:01:07', NULL, NULL),
(39, 108, 3, NULL, 0, 6.99, '2023-08-18 20:41:09', NULL, NULL),
(40, NULL, 21, NULL, 0, 0, '2023-01-07 21:42:04', NULL, NULL),
(41, NULL, 11, NULL, 0, 6.84, '2022-11-21 19:57:17', NULL, NULL),
(42, NULL, 2, NULL, 0, 16.83, '2023-05-08 19:11:02', NULL, NULL),
(43, NULL, 21, NULL, 0, 0, '2023-01-31 19:06:53', NULL, NULL),
(44, 144, 19, NULL, 0, 6.04, '2023-03-04 21:12:01', NULL, NULL),
(45, 173, 27, NULL, 0, 4.6, '2023-10-21 21:26:23', NULL, NULL),
(46, NULL, 6, NULL, 0, 2.95, '2023-01-03 21:10:19', NULL, NULL),
(47, NULL, 4, NULL, 0, 6.79, '2023-06-20 20:10:07', NULL, NULL),
(48, 120, 11, NULL, 0, 12.23, '2023-10-17 21:44:36', NULL, NULL),
(49, NULL, 27, NULL, 0, 0, '2023-07-30 20:20:56', NULL, NULL),
(50, NULL, 9, NULL, 0, 15.63, '2023-10-18 20:31:41', NULL, NULL),
(51, NULL, 10, NULL, 0, 3.5, '2023-04-06 21:31:49', NULL, NULL),
(52, NULL, 9, NULL, 0, 0, '2023-01-12 19:04:49', NULL, NULL),
(53, NULL, 7, NULL, 0, 4.32, '2023-01-03 19:17:07', NULL, NULL),
(54, NULL, 20, NULL, 0, 0, '2023-01-13 19:42:05', NULL, NULL),
(55, 127, 17, NULL, 0, 0, '2022-11-27 20:41:00', NULL, NULL),
(56, NULL, 5, NULL, 0, 2.77, '2023-04-20 19:43:21', NULL, NULL),
(57, NULL, 2, NULL, 0, 4.54, '2023-02-06 19:26:51', NULL, NULL),
(58, NULL, 3, NULL, 0, 0, '2023-04-03 20:02:35', NULL, NULL),
(59, NULL, 7, NULL, 0, 0, '2023-03-25 19:19:54', NULL, NULL),
(60, NULL, 14, NULL, 0, 0, '2023-10-24 19:22:03', NULL, NULL),
(61, NULL, 2, NULL, 0, 4.79, '2023-01-07 21:03:31', NULL, NULL),
(62, NULL, 16, NULL, 0, 0, '2023-01-24 21:10:52', NULL, NULL),
(63, NULL, 26, NULL, 0, NULL, '2022-12-02 20:55:33', NULL, NULL),
(64, NULL, 10, NULL, 0, 10.29, '2022-12-27 19:37:38', NULL, NULL),
(65, NULL, 23, NULL, 0, 0, '2022-12-10 21:01:55', NULL, NULL),
(66, NULL, 21, NULL, 0, 0, '2023-01-18 19:10:38', NULL, NULL),
(67, NULL, 11, NULL, 0, 0, '2023-06-16 19:25:11', NULL, NULL),
(68, NULL, 10, NULL, 0, 0, '2023-06-11 19:35:13', NULL, NULL),
(69, NULL, 12, NULL, 0, 14.14, '2023-04-10 19:09:19', NULL, NULL),
(70, 73, 9, NULL, 0, 0, '2023-09-17 20:36:50', NULL, NULL),
(71, NULL, 18, NULL, 0, 8.29, '2023-08-16 21:45:59', NULL, NULL),
(72, NULL, 26, NULL, 0, 0, '2023-05-05 20:29:48', NULL, NULL),
(73, 35, 11, NULL, 0, 12.58, '2022-12-29 21:14:33', NULL, NULL),
(74, NULL, 4, NULL, 0, 0, '2022-12-02 20:35:12', NULL, NULL),
(75, 134, 3, NULL, 0, 16.73, '2023-09-01 21:29:38', NULL, NULL),
(76, NULL, 9, NULL, 0, 14.63, '2023-05-07 20:30:51', NULL, NULL),
(77, NULL, 3, NULL, 0, 2.26, '2023-09-21 19:44:55', NULL, NULL),
(78, NULL, 26, NULL, 0, 2.6, '2023-09-08 19:59:47', NULL, NULL),
(79, NULL, 6, NULL, 0, 3.6, '2023-10-20 19:55:51', NULL, NULL),
(80, 133, 4, NULL, 0, 0, '2022-12-19 21:48:44', NULL, NULL),
(81, NULL, 28, NULL, 0, 7.99, '2022-12-25 19:55:02', NULL, NULL),
(82, NULL, 16, NULL, 0, NULL, '2023-06-17 19:53:46', NULL, NULL),
(83, NULL, 15, NULL, 0, 0, '2023-01-21 21:15:09', NULL, NULL),
(84, NULL, 23, NULL, 0, 2.4, '2023-04-23 20:07:30', NULL, NULL),
(85, NULL, 6, NULL, 0, 4.69, '2023-07-27 21:24:14', NULL, NULL),
(86, NULL, 7, NULL, 0, 3.42, '2022-12-23 19:51:05', NULL, NULL),
(87, NULL, 3, NULL, 0, 9.29, '2023-09-28 21:29:55', NULL, NULL),
(88, NULL, 24, NULL, 0, 2.8, '2023-02-20 20:46:15', NULL, NULL),
(89, NULL, 27, NULL, 0, 7.32, '2022-11-26 19:58:43', NULL, NULL),
(90, NULL, 8, NULL, 0, 12.63, '2023-05-22 20:02:32', NULL, NULL),
(91, NULL, 7, NULL, 0, 3.99, '2022-12-13 21:01:18', NULL, NULL),
(92, NULL, 25, NULL, 0, 11.09, '2023-10-13 20:02:35', NULL, NULL),
(93, NULL, 14, NULL, 0, 2, '2023-07-11 19:08:57', NULL, NULL),
(94, NULL, 12, NULL, 0, 12.99, '2023-10-19 19:32:50', NULL, NULL),
(95, NULL, 25, NULL, 0, 0, '2023-02-27 19:45:21', NULL, NULL),
(96, NULL, 6, NULL, 0, 0.5, '2023-05-19 21:04:58', NULL, NULL),
(97, NULL, 12, NULL, 0, 2.75, '2023-05-28 20:58:02', NULL, NULL),
(98, NULL, 20, NULL, 0, 0, '2023-02-17 21:21:06', NULL, NULL),
(99, NULL, 24, NULL, 0, 23.87, '2023-06-09 20:48:55', NULL, NULL),
(100, NULL, 24, NULL, 0, 0, '2023-05-04 20:09:03', NULL, NULL),
(101, NULL, 26, NULL, 0, 2.3, '2023-09-25 22:57:26', NULL, NULL),
(102, NULL, 25, NULL, 0, 8.99, '2023-02-23 23:04:10', NULL, NULL),
(103, NULL, 7, NULL, 0, 0, '2023-09-15 21:20:42', NULL, NULL),
(104, NULL, 16, NULL, 0, 0, '2023-03-10 21:44:59', NULL, NULL),
(105, 76, 8, NULL, 0, 3.17, '2023-07-30 21:15:29', NULL, NULL),
(106, NULL, 16, NULL, 0, 15.08, '2023-05-22 20:13:40', NULL, NULL),
(107, NULL, 12, NULL, 0, 0, '2023-02-04 20:09:41', NULL, NULL),
(108, NULL, 14, NULL, 0, 6.41, '2023-05-03 21:04:03', NULL, NULL),
(109, 22, 11, NULL, 0, 7.89, '2023-10-15 19:52:36', NULL, NULL),
(110, 37, 18, NULL, 0, 4, '2023-02-25 19:06:34', NULL, NULL),
(111, NULL, 19, NULL, 0.2, 0, '2022-12-03 21:34:02', NULL, NULL),
(112, NULL, 12, NULL, 0, 15.24, '2023-08-07 20:31:54', NULL, NULL),
(113, NULL, 16, NULL, 0, 0, '2023-04-27 19:27:03', NULL, NULL),
(114, 161, 15, NULL, 0, 0.85, '2022-12-25 21:12:19', NULL, NULL),
(115, NULL, 18, NULL, 0, 20.92, '2022-12-10 21:05:36', NULL, NULL),
(116, NULL, 9, NULL, 0, 1, '2023-01-25 21:01:04', NULL, NULL),
(117, NULL, 22, NULL, 0, 9.79, '2023-08-06 21:51:35', NULL, NULL),
(118, NULL, 9, NULL, 0, 0, '2023-03-05 21:59:26', NULL, NULL),
(119, 90, 22, NULL, 0, 0, '2023-07-02 23:02:41', NULL, NULL),
(120, 142, 23, NULL, 0, 3.35, '2023-10-03 21:24:27', NULL, NULL),
(121, NULL, 18, NULL, 0, 0.7, '2022-11-25 21:34:13', NULL, NULL),
(122, NULL, 14, NULL, 0, 0, '2023-06-12 21:11:45', NULL, NULL),
(123, NULL, 11, NULL, 0, 3.4, '2022-11-28 20:19:05', NULL, NULL),
(124, NULL, 17, NULL, 0, 1.7, '2022-12-20 19:03:14', NULL, NULL),
(125, NULL, 20, NULL, 0, 0, '2023-03-14 20:51:45', NULL, NULL),
(126, NULL, 5, NULL, 0, 0, '2023-07-24 20:05:49', NULL, NULL),
(127, NULL, 18, NULL, 0, 18.32, '2023-03-27 19:16:24', NULL, NULL),
(128, NULL, 27, NULL, 0, 13.54, '2023-09-30 21:25:33', NULL, NULL),
(129, NULL, 9, NULL, 0, 10.11, '2023-04-06 20:49:52', NULL, NULL),
(130, NULL, 25, NULL, 0, 4.72, '2023-06-26 21:28:20', NULL, NULL),
(131, NULL, 11, NULL, 0, 8.84, '2023-08-01 20:27:38', NULL, NULL),
(132, 179, 28, NULL, 0, 4.34, '2022-12-08 23:10:50', NULL, NULL),
(133, NULL, 4, NULL, 0, 0, '2023-08-10 20:00:55', NULL, NULL),
(134, NULL, 1, NULL, 0, 0, '2023-08-01 23:18:11', NULL, NULL),
(135, NULL, 21, NULL, 0, 4.69, '2023-05-10 19:06:48', NULL, NULL),
(136, NULL, 3, NULL, 0, 0, '2023-07-02 19:55:57', NULL, NULL),
(137, 29, 26, NULL, 0, 0, '2023-05-18 20:52:26', NULL, NULL),
(138, NULL, 12, NULL, 0, 3.6, '2023-09-21 21:38:33', NULL, NULL),
(139, NULL, 21, NULL, 0, 1.25, '2023-09-29 19:33:03', NULL, NULL),
(140, NULL, 2, NULL, 0, 0, '2023-09-20 19:07:21', NULL, NULL),
(141, NULL, 5, NULL, 0, 0, '2023-09-26 22:38:17', NULL, NULL),
(142, NULL, 14, NULL, 0, 0, '2023-03-05 19:47:27', NULL, NULL),
(143, NULL, 29, NULL, 0, 10.11, '2023-09-10 20:25:10', NULL, NULL),
(144, NULL, 2, NULL, 0, 13.74, '2023-08-25 20:50:35', NULL, NULL),
(145, NULL, 22, NULL, 0, 8.98, '2023-01-08 21:23:39', NULL, NULL),
(146, NULL, 4, NULL, 0, 0, '2023-03-25 21:34:17', NULL, NULL),
(147, NULL, 27, NULL, 0, 0, '2023-10-22 19:52:45', NULL, NULL),
(148, 173, 2, NULL, 0, 2.95, '2023-01-31 21:19:30', NULL, NULL),
(149, NULL, 1, NULL, 0, 0, '2023-05-07 20:37:46', NULL, NULL),
(150, 64, 10, NULL, 0, 7.04, '2023-03-02 21:20:43', NULL, NULL),
(151, NULL, 1, NULL, 0, 1.52, '2022-11-24 21:53:53', NULL, NULL),
(152, 190, 14, NULL, 0, 0, '2023-09-24 19:54:14', NULL, NULL),
(153, NULL, 24, NULL, 0, 4.07, '2023-01-30 20:37:57', NULL, NULL),
(154, 7, 7, NULL, 0, 0, '2023-07-23 19:14:29', NULL, NULL),
(155, NULL, 9, NULL, 0, 3.74, '2023-03-03 21:52:02', NULL, NULL),
(156, 87, 6, NULL, 0, 0, '2023-07-20 21:54:12', NULL, NULL),
(157, NULL, 8, NULL, 0, 0, '2022-11-01 23:45:51', NULL, NULL),
(158, NULL, 24, NULL, 0, 11.69, '2023-02-18 20:05:03', NULL, NULL),
(159, NULL, 9, NULL, 0, 2.85, '2023-06-20 19:57:07', NULL, NULL),
(160, NULL, 16, NULL, 0, 0, '2023-01-29 21:04:54', NULL, NULL),
(161, 4, 17, NULL, 0, 1, '2023-10-20 19:18:55', NULL, NULL),
(162, NULL, 24, NULL, 0, 2.39, '2023-05-14 19:47:05', NULL, NULL),
(163, 129, 20, NULL, 0, 10.39, '2023-01-28 20:57:50', NULL, NULL),
(164, NULL, 7, NULL, 0, 1.33, '2023-03-24 22:02:25', NULL, NULL),
(165, NULL, 1, NULL, 0, 3.6, '2023-04-22 20:42:09', NULL, NULL),
(166, NULL, 24, NULL, 0, 4.49, '2023-05-06 20:18:21', NULL, NULL),
(167, NULL, 27, NULL, 0, 2.2, '2023-01-09 19:25:08', NULL, NULL),
(168, NULL, 23, NULL, 0, 5, '2022-12-18 20:42:43', NULL, NULL),
(169, NULL, 17, NULL, 0, 2.2, '2023-07-08 20:56:11', NULL, NULL),
(170, 13, 18, NULL, 0, 6.14, '2023-01-21 20:30:17', NULL, NULL),
(171, NULL, 21, NULL, 0, 0, '2023-09-12 21:04:56', NULL, NULL),
(172, NULL, 20, NULL, 0, 1.45, '2023-04-22 21:29:14', NULL, NULL),
(173, NULL, 18, NULL, 0, 4.79, '2023-06-22 22:37:51', NULL, NULL),
(174, NULL, 26, NULL, 0, 0, '2023-08-19 19:01:43', NULL, NULL),
(175, NULL, 10, NULL, 0, 1.25, '2023-01-28 21:05:20', NULL, NULL),
(176, NULL, 20, NULL, 0, 8.69, '2023-04-25 21:59:13', NULL, NULL),
(177, NULL, 3, NULL, 0, 9.34, '2022-12-18 21:15:16', NULL, NULL),
(178, NULL, 13, NULL, 0, 3.35, '2023-01-28 20:40:43', NULL, NULL),
(179, NULL, 17, NULL, 0, 9.79, '2023-05-14 21:48:00', NULL, NULL),
(180, NULL, 16, NULL, 0, 0, '2023-10-07 21:07:04', NULL, NULL),
(181, NULL, 16, NULL, 0, 0, '2023-05-23 23:52:34', NULL, NULL),
(182, 77, 3, NULL, 0, 0, '2023-03-19 19:19:26', NULL, NULL),
(183, NULL, 1, NULL, 0, 0, '2023-09-18 21:49:18', NULL, NULL),
(184, NULL, 15, NULL, 0, 6.14, '2022-11-21 21:30:23', NULL, NULL),
(185, NULL, 12, NULL, 0, 0.85, '2023-03-20 21:53:56', NULL, NULL),
(186, NULL, 13, NULL, 0, 10.04, '2023-02-04 21:51:49', NULL, NULL),
(187, NULL, 14, NULL, 0, 11.23, '2022-11-16 19:44:29', NULL, NULL),
(188, NULL, 30, NULL, 0, 1.55, '2023-10-22 19:45:44', NULL, NULL),
(189, NULL, 26, NULL, 0, 0, '2023-01-13 21:26:24', NULL, NULL),
(190, NULL, 24, NULL, 0, 8.39, '2023-02-26 21:17:57', NULL, NULL),
(191, 89, 20, NULL, 0, 2, '2023-06-07 19:24:28', NULL, NULL),
(192, NULL, 13, NULL, 0, 6.14, '2023-03-26 19:37:24', NULL, NULL),
(193, 80, 4, NULL, 0, 2, '2023-11-01 19:13:39', NULL, NULL),
(194, NULL, 9, NULL, 0, 0, '2022-12-29 21:53:46', NULL, NULL),
(195, NULL, 6, NULL, 0, 35.36, '2022-11-10 20:47:38', NULL, NULL),
(196, NULL, 6, NULL, 0, 1.1, '2023-03-21 20:02:56', NULL, NULL),
(197, 125, 6, NULL, 0, 0, '2022-11-30 19:19:46', NULL, NULL),
(198, NULL, 21, NULL, 0, 0, '2023-07-31 19:47:30', NULL, NULL),
(199, 102, 7, NULL, 0, 0.55, '2023-04-26 21:33:21', NULL, NULL),
(200, NULL, 6, NULL, 0, 2, '2023-04-01 21:08:39', NULL, NULL),
(201, NULL, 5, NULL, 0, 0, '2023-11-07 11:51:51', NULL, NULL);

-- --------------------------------------------------------

--
-- Estrutura da tabela `cofigs`
--

CREATE TABLE `cofigs` (
  `id` int(10) UNSIGNED NOT NULL,
  `name` varchar(100) NOT NULL,
  `value` varchar(100) NOT NULL,
  `criacao_data` datetime NOT NULL DEFAULT current_timestamp(),
  `alteracao_data` datetime DEFAULT NULL,
  `exclusao_data` datetime DEFAULT NULL
) ENGINE=InnoDB DEFAULT CHARSET=utf8 COLLATE=utf8_general_ci COMMENT='Armazena as constantes do sistema, exemplo: no da lanchonete, valor da taxa de serviço, se vai utilizar o modo de preparo.';

-- --------------------------------------------------------

--
-- Estrutura da tabela `logs`
--

CREATE TABLE `logs` (
  `id` bigint(19) UNSIGNED NOT NULL,
  `usuarios_id` int(10) UNSIGNED NOT NULL,
  `tabela` varchar(100) NOT NULL COMMENT 'tabela que sofreu a alteração',
  `registro_id` bigint(20) NOT NULL COMMENT 'ID do registro que foi alterado nesta ação',
  `tipo_alteracao` enum('Insert','Update','Delete') NOT NULL,
  `dados_originais` text DEFAULT NULL,
  `novos_dados` text DEFAULT NULL,
  `exec_data` timestamp NOT NULL DEFAULT current_timestamp()
) ENGINE=InnoDB DEFAULT CHARSET=utf8 COLLATE=utf8_general_ci;

-- --------------------------------------------------------

--
-- Estrutura da tabela `pagamentos`
--

CREATE TABLE `pagamentos` (
  `id` int(11) NOT NULL,
  `atendimentos_id` int(10) UNSIGNED NOT NULL,
  `pagamentos_tipos_id` int(11) NOT NULL,
  `valor` float NOT NULL,
  `observacao` varchar(200) DEFAULT NULL COMMENT 'Possível observação sobre o pagamento.',
  `criacao_data` datetime NOT NULL DEFAULT current_timestamp(),
  `alteracao_data` datetime DEFAULT NULL,
  `exclusao_data` datetime DEFAULT NULL
) ENGINE=InnoDB DEFAULT CHARSET=utf8 COLLATE=utf8_general_ci;

--
-- Extraindo dados da tabela `pagamentos`
--

INSERT INTO `pagamentos` (`id`, `atendimentos_id`, `pagamentos_tipos_id`, `valor`, `observacao`, `criacao_data`, `alteracao_data`, `exclusao_data`) VALUES
(1, 1, 1, 46, NULL, '2023-11-01 18:41:40', NULL, NULL),
(2, 2, 3, 275.25, NULL, '2023-11-01 18:41:40', NULL, NULL),
(3, 3, 1, 70.75, NULL, '2023-11-01 18:41:40', NULL, NULL),
(4, 4, 3, 65, NULL, '2023-11-01 18:41:40', NULL, NULL),
(5, 5, 3, 126.37, NULL, '2023-11-01 18:41:40', NULL, NULL),
(6, 6, 4, 77.9235, NULL, '2023-11-01 18:41:40', NULL, NULL),
(7, 7, 3, 65.38, NULL, '2023-11-01 18:41:40', NULL, NULL),
(8, 8, 3, 16.48, NULL, '2023-11-01 18:41:40', NULL, NULL),
(9, 9, 1, 110.75, NULL, '2023-11-01 18:41:40', NULL, NULL),
(10, 10, 2, 43.98, NULL, '2023-11-01 18:41:40', NULL, NULL),
(11, 11, 2, 94.5, NULL, '2023-11-01 18:41:40', NULL, NULL),
(12, 12, 3, 157.89, NULL, '2023-11-01 18:41:40', NULL, NULL),
(13, 13, 2, 33.52, NULL, '2023-11-01 18:41:40', NULL, NULL),
(14, 14, 4, 336.82, NULL, '2023-11-01 18:41:40', NULL, NULL),
(15, 15, 4, 26.0936, NULL, '2023-11-01 18:41:40', NULL, NULL),
(16, 16, 2, 0, NULL, '2023-11-01 18:41:40', NULL, NULL),
(17, 17, 2, 19.78, NULL, '2023-11-01 18:41:40', NULL, NULL),
(18, 18, 1, 61.5, NULL, '2023-11-01 18:41:40', NULL, NULL),
(19, 19, 1, 60.75, NULL, '2023-11-01 18:41:40', NULL, NULL),
(20, 20, 3, 31.32, NULL, '2023-11-01 18:41:40', NULL, NULL),
(21, 21, 3, 45.6, NULL, '2023-11-01 18:41:40', NULL, NULL),
(22, 22, 3, 11.98, NULL, '2023-11-01 18:41:40', NULL, NULL),
(23, 23, 3, 34.97, NULL, '2023-11-01 18:41:40', NULL, NULL),
(24, 24, 1, 29, NULL, '2023-11-01 18:41:40', NULL, NULL),
(25, 25, 3, 43.44, NULL, '2023-11-01 18:41:40', NULL, NULL),
(26, 26, 4, 145.83, NULL, '2023-11-01 18:41:40', NULL, NULL),
(27, 27, 1, 143.75, NULL, '2023-11-01 18:41:40', NULL, NULL),
(28, 28, 1, 34.5, NULL, '2023-11-01 18:41:40', NULL, NULL),
(29, 29, 4, 208.29, NULL, '2023-11-01 18:41:40', NULL, NULL),
(30, 30, 2, 110.99, NULL, '2023-11-01 18:41:40', NULL, NULL),
(31, 31, 2, 47.0806, NULL, '2023-11-01 18:41:40', NULL, NULL),
(32, 32, 3, 56.93, NULL, '2023-11-01 18:41:40', NULL, NULL),
(33, 33, 2, 86.92, NULL, '2023-11-01 18:41:40', NULL, NULL),
(34, 34, 3, 52.44, NULL, '2023-11-01 18:41:40', NULL, NULL),
(35, 35, 2, 135.17, NULL, '2023-11-01 18:41:40', NULL, NULL),
(36, 36, 3, 15.21, NULL, '2023-11-01 18:41:40', NULL, NULL),
(37, 37, 3, 37.9, NULL, '2023-11-01 18:41:40', NULL, NULL),
(38, 38, 1, 168.25, NULL, '2023-11-01 18:41:40', NULL, NULL),
(39, 39, 3, 76.91, NULL, '2023-11-01 18:41:40', NULL, NULL),
(40, 40, 2, 81.85, NULL, '2023-11-01 18:41:40', NULL, NULL),
(41, 41, 3, 75.27, NULL, '2023-11-01 18:41:40', NULL, NULL),
(42, 42, 3, 185.11, NULL, '2023-11-01 18:41:40', NULL, NULL),
(43, 43, 4, 102.91, NULL, '2023-11-01 18:41:40', NULL, NULL),
(44, 44, 2, 66.48, NULL, '2023-11-01 18:41:40', NULL, NULL),
(45, 45, 2, 50.56, NULL, '2023-11-01 18:41:40', NULL, NULL),
(46, 46, 3, 32.42, NULL, '2023-11-01 18:41:40', NULL, NULL),
(47, 47, 1, 74.5, NULL, '2023-11-01 18:41:40', NULL, NULL),
(48, 48, 3, 134.57, NULL, '2023-11-01 18:41:40', NULL, NULL),
(49, 49, 2, 252.74, NULL, '2023-11-01 18:41:40', NULL, NULL),
(50, 50, 2, 171.95, NULL, '2023-11-01 18:41:40', NULL, NULL),
(51, 51, 1, 38.25, NULL, '2023-11-01 18:41:40', NULL, NULL),
(52, 52, 1, 26.75, NULL, '2023-11-01 18:41:40', NULL, NULL),
(53, 53, 2, 90.71, NULL, '2023-11-01 18:41:40', NULL, NULL),
(54, 54, 3, 110.85, NULL, '2023-11-01 18:41:40', NULL, NULL),
(55, 55, 1, 49.25, NULL, '2023-11-01 18:41:40', NULL, NULL),
(56, 56, 2, 58.2, NULL, '2023-11-01 18:41:40', NULL, NULL),
(57, 57, 3, 49.98, NULL, '2023-11-01 18:41:40', NULL, NULL),
(58, 58, 2, 118.84, NULL, '2023-11-01 18:41:40', NULL, NULL),
(59, 59, 2, 121.9, NULL, '2023-11-01 18:41:40', NULL, NULL),
(60, 60, 1, 35.25, NULL, '2023-11-01 18:41:40', NULL, NULL),
(61, 61, 2, 100.64, NULL, '2023-11-01 18:41:40', NULL, NULL),
(62, 62, 3, 55.95, NULL, '2023-11-01 18:41:40', NULL, NULL),
(63, 63, 3, 0, NULL, '2023-11-01 18:41:40', NULL, NULL),
(64, 64, 4, 113.19, NULL, '2023-11-01 18:41:40', NULL, NULL),
(65, 65, 2, 33.96, NULL, '2023-11-01 18:41:40', NULL, NULL),
(66, 66, 1, 107.25, NULL, '2023-11-01 18:41:40', NULL, NULL),
(67, 67, 2, 84.89, NULL, '2023-11-01 18:41:40', NULL, NULL),
(68, 68, 3, 33.47, NULL, '2023-11-01 18:41:40', NULL, NULL),
(69, 69, 1, 155.5, NULL, '2023-11-01 18:41:40', NULL, NULL),
(70, 70, 3, 110.87, NULL, '2023-11-01 18:41:40', NULL, NULL),
(71, 71, 2, 85.4017, NULL, '2023-11-01 18:41:40', NULL, NULL),
(72, 72, 1, 88.25, NULL, '2023-11-01 18:41:40', NULL, NULL),
(73, 73, 1, 138.25, NULL, '2023-11-01 18:41:40', NULL, NULL),
(74, 74, 3, 107.88, NULL, '2023-11-01 18:41:40', NULL, NULL),
(75, 75, 2, 184.07, NULL, '2023-11-01 18:41:40', NULL, NULL),
(76, 76, 2, 160.96, NULL, '2023-11-01 18:41:40', NULL, NULL),
(77, 77, 1, 92.5, NULL, '2023-11-01 18:41:40', NULL, NULL),
(78, 78, 1, 28.5, NULL, '2023-11-01 18:41:40', NULL, NULL),
(79, 79, 2, 39.55, NULL, '2023-11-01 18:41:40', NULL, NULL),
(80, 80, 1, 256.25, NULL, '2023-11-01 18:41:40', NULL, NULL),
(81, 81, 4, 87.89, NULL, '2023-11-01 18:41:40', NULL, NULL),
(82, 82, 2, 0, NULL, '2023-11-01 18:41:40', NULL, NULL),
(83, 83, 4, 185.23, NULL, '2023-11-01 18:41:40', NULL, NULL),
(84, 84, 3, 26.37, NULL, '2023-11-01 18:41:40', NULL, NULL),
(85, 85, 3, 51.63, NULL, '2023-11-01 18:41:40', NULL, NULL),
(86, 86, 4, 71.85, NULL, '2023-11-01 18:41:40', NULL, NULL),
(87, 87, 2, 195.05, NULL, '2023-11-01 18:41:40', NULL, NULL),
(88, 88, 2, 30.78, NULL, '2023-11-01 18:41:40', NULL, NULL),
(89, 89, 3, 153.65, NULL, '2023-11-01 18:41:40', NULL, NULL),
(90, 90, 2, 138.97, NULL, '2023-11-01 18:41:40', NULL, NULL),
(91, 91, 4, 43.92, NULL, '2023-11-01 18:41:40', NULL, NULL),
(92, 92, 2, 121.95, NULL, '2023-11-01 18:41:40', NULL, NULL),
(93, 93, 1, 21.75, NULL, '2023-11-01 18:41:40', NULL, NULL),
(94, 94, 3, 142.87, NULL, '2023-11-01 18:41:40', NULL, NULL),
(95, 95, 3, 112.986, NULL, '2023-11-01 18:41:40', NULL, NULL),
(96, 96, 1, 5.25, NULL, '2023-11-01 18:41:40', NULL, NULL),
(97, 97, 1, 30, NULL, '2023-11-01 18:41:40', NULL, NULL),
(98, 98, 3, 77.43, NULL, '2023-11-01 18:41:40', NULL, NULL),
(99, 99, 2, 262.61, NULL, '2023-11-01 18:41:40', NULL, NULL),
(100, 100, 1, 2.25, NULL, '2023-11-01 18:41:40', NULL, NULL),
(101, 101, 1, 0.75, NULL, '2023-11-01 18:41:40', NULL, NULL),
(102, 102, 3, 98.9, NULL, '2023-11-01 18:41:40', NULL, NULL),
(103, 103, 2, 227.77, NULL, '2023-11-01 18:41:40', NULL, NULL),
(104, 104, 4, 45.47, NULL, '2023-11-01 18:41:40', NULL, NULL),
(105, 105, 3, 66.59, NULL, '2023-11-01 18:41:40', NULL, NULL),
(106, 106, 2, 165.86, NULL, '2023-11-01 18:41:40', NULL, NULL),
(107, 107, 2, 42.44, NULL, '2023-11-01 18:41:40', NULL, NULL),
(108, 108, 3, 134.75, NULL, '2023-11-01 18:41:40', NULL, NULL),
(109, 109, 2, 86.8, NULL, '2023-11-01 18:41:40', NULL, NULL),
(110, 110, 4, 43.96, NULL, '2023-11-01 18:41:40', NULL, NULL),
(111, 111, 1, 33.75, NULL, '2023-11-01 18:41:40', NULL, NULL),
(112, 112, 4, 167.6, NULL, '2023-11-01 18:41:40', NULL, NULL),
(113, 113, 2, 227.24, NULL, '2023-11-01 18:41:40', NULL, NULL),
(114, 114, 1, 17.75, NULL, '2023-11-01 18:41:40', NULL, NULL),
(115, 115, 1, 230, NULL, '2023-11-01 18:41:40', NULL, NULL),
(116, 116, 2, 5.48637, NULL, '2023-11-01 18:41:40', NULL, NULL),
(117, 117, 3, 37.2669, NULL, '2023-11-01 18:41:40', NULL, NULL),
(118, 118, 2, 145.86, NULL, '2023-11-01 18:41:40', NULL, NULL),
(119, 119, 2, 55.97, NULL, '2023-11-01 18:41:40', NULL, NULL),
(120, 120, 2, 61.7234, NULL, '2023-11-01 18:41:40', NULL, NULL),
(121, 121, 2, 7.69, NULL, '2023-11-01 18:41:40', NULL, NULL),
(122, 122, 2, 37.46, NULL, '2023-11-01 18:41:40', NULL, NULL),
(123, 123, 2, 37.36, NULL, '2023-11-01 18:41:40', NULL, NULL),
(124, 124, 2, 18.68, NULL, '2023-11-01 18:41:40', NULL, NULL),
(125, 125, 2, 122.34, NULL, '2023-11-01 18:41:40', NULL, NULL),
(126, 126, 2, 128.87, NULL, '2023-11-01 18:41:40', NULL, NULL),
(127, 127, 4, 201.56, NULL, '2023-11-01 18:41:40', NULL, NULL),
(128, 128, 1, 63.75, NULL, '2023-11-01 18:41:40', NULL, NULL),
(129, 129, 4, 212.38, NULL, '2023-11-01 18:41:40', NULL, NULL),
(130, 130, 3, 99.08, NULL, '2023-11-01 18:41:40', NULL, NULL),
(131, 131, 3, 97.24, NULL, '2023-11-01 18:41:40', NULL, NULL),
(132, 132, 2, 47.78, NULL, '2023-11-01 18:41:40', NULL, NULL),
(133, 133, 3, 105.37, NULL, '2023-11-01 18:41:40', NULL, NULL),
(134, 134, 2, 173.35, NULL, '2023-11-01 18:41:40', NULL, NULL),
(135, 135, 3, 51.6, NULL, '2023-11-01 18:41:40', NULL, NULL),
(136, 136, 2, 191.84, NULL, '2023-11-01 18:41:40', NULL, NULL),
(137, 137, 2, 23.98, NULL, '2023-11-01 18:41:40', NULL, NULL),
(138, 138, 3, 75.51, NULL, '2023-11-01 18:41:40', NULL, NULL),
(139, 139, 2, 13.73, NULL, '2023-11-01 18:41:40', NULL, NULL),
(140, 140, 4, 57.43, NULL, '2023-11-01 18:41:40', NULL, NULL),
(141, 141, 2, 124.33, NULL, '2023-11-01 18:41:40', NULL, NULL),
(142, 142, 2, 107.88, NULL, '2023-11-01 18:41:40', NULL, NULL),
(143, 143, 3, 212.39, NULL, '2023-11-01 18:41:40', NULL, NULL),
(144, 144, 2, 151.09, NULL, '2023-11-01 18:41:40', NULL, NULL),
(145, 145, 2, 98.81, NULL, '2023-11-01 18:41:40', NULL, NULL),
(146, 146, 2, 54.42, NULL, '2023-11-01 18:41:40', NULL, NULL),
(147, 147, 4, 46.45, NULL, '2023-11-01 18:41:40', NULL, NULL),
(148, 148, 3, 32.44, NULL, '2023-11-01 18:41:40', NULL, NULL),
(149, 149, 3, 34.93, NULL, '2023-11-01 18:41:40', NULL, NULL),
(150, 150, 4, 77.46, NULL, '2023-11-01 18:41:40', NULL, NULL),
(151, 151, 3, 62.45, NULL, '2023-11-01 18:41:40', NULL, NULL),
(152, 152, 4, 26.96, NULL, '2023-11-01 18:41:40', NULL, NULL),
(153, 153, 2, 85.49, NULL, '2023-11-01 18:41:40', NULL, NULL),
(154, 154, 3, 28.94, NULL, '2023-11-01 18:41:40', NULL, NULL),
(155, 155, 3, 78.66, NULL, '2023-11-01 18:41:40', NULL, NULL),
(156, 156, 2, 34.96, NULL, '2023-11-01 18:41:40', NULL, NULL),
(157, 157, 3, 18.47, NULL, '2023-11-01 18:41:40', NULL, NULL),
(158, 158, 1, 128.5, NULL, '2023-11-01 18:41:40', NULL, NULL),
(159, 159, 3, 31.32, NULL, '2023-11-01 18:41:40', NULL, NULL),
(160, 160, 1, 143.75, NULL, '2023-11-01 18:41:40', NULL, NULL),
(161, 161, 3, 10.99, NULL, '2023-11-01 18:41:40', NULL, NULL),
(162, 162, 1, 50.25, NULL, '2023-11-01 18:41:40', NULL, NULL),
(163, 163, 1, 114.25, NULL, '2023-11-01 18:41:40', NULL, NULL),
(164, 164, 2, 27.79, NULL, '2023-11-01 18:41:40', NULL, NULL),
(165, 165, 2, 39.58, NULL, '2023-11-01 18:41:40', NULL, NULL),
(166, 166, 1, 94.25, NULL, '2023-11-01 18:41:40', NULL, NULL),
(167, 167, 1, 46, NULL, '2023-11-01 18:41:40', NULL, NULL),
(168, 168, 4, 54.95, NULL, '2023-11-01 18:41:40', NULL, NULL),
(169, 169, 3, 24.18, NULL, '2023-11-01 18:41:40', NULL, NULL),
(170, 170, 4, 129.02, NULL, '2023-11-01 18:41:40', NULL, NULL),
(171, 171, 3, 87.87, NULL, '2023-11-01 18:41:40', NULL, NULL),
(172, 172, 1, 15.75, NULL, '2023-11-01 18:41:40', NULL, NULL),
(173, 173, 2, 52.72, NULL, '2023-11-01 18:41:40', NULL, NULL),
(174, 174, 1, 134.25, NULL, '2023-11-01 18:41:40', NULL, NULL),
(175, 175, 3, 13.73, NULL, '2023-11-01 18:41:40', NULL, NULL),
(176, 176, 4, 182.44, NULL, '2023-11-01 18:41:40', NULL, NULL),
(177, 177, 3, 102.72, NULL, '2023-11-01 18:41:40', NULL, NULL),
(178, 178, 3, 21.0923, NULL, '2023-11-01 18:41:40', NULL, NULL),
(179, 179, 2, 107.68, NULL, '2023-11-01 18:41:40', NULL, NULL),
(180, 180, 1, 46.75, NULL, '2023-11-01 18:41:40', NULL, NULL),
(181, 181, 2, 26.4656, NULL, '2023-11-01 18:41:40', NULL, NULL),
(182, 182, 3, 97.88, NULL, '2023-11-01 18:41:40', NULL, NULL),
(183, 183, 4, 3.74, NULL, '2023-11-01 18:41:40', NULL, NULL),
(184, 184, 3, 67.55, NULL, '2023-11-01 18:41:40', NULL, NULL),
(185, 185, 2, 17.83, NULL, '2023-11-01 18:41:40', NULL, NULL),
(186, 186, 3, 110.41, NULL, '2023-11-01 18:41:40', NULL, NULL),
(187, 187, 3, 235.96, NULL, '2023-11-01 18:41:40', NULL, NULL),
(188, 188, 1, 32.5, NULL, '2023-11-01 18:41:40', NULL, NULL),
(189, 189, 1, 38.5, NULL, '2023-11-01 18:41:40', NULL, NULL),
(190, 190, 2, 92.26, NULL, '2023-11-01 18:41:40', NULL, NULL),
(191, 191, 3, 13.23, NULL, '2023-11-01 18:41:40', NULL, NULL),
(192, 192, 4, 67.56, NULL, '2023-11-01 18:41:40', NULL, NULL),
(193, 193, 4, 12.5398, NULL, '2023-11-01 18:41:40', NULL, NULL),
(194, 194, 3, 20.21, NULL, '2023-11-01 18:41:40', NULL, NULL),
(195, 195, 3, 389, NULL, '2023-11-01 18:41:40', NULL, NULL),
(196, 196, 4, 23.07, NULL, '2023-11-01 18:41:40', NULL, NULL),
(197, 197, 3, 19.4299, NULL, '2023-11-01 18:41:40', NULL, NULL),
(198, 198, 2, 89.38, NULL, '2023-11-01 18:41:40', NULL, NULL),
(199, 199, 4, 11.53, NULL, '2023-11-01 18:41:40', NULL, NULL),
(200, 200, 1, 21.75, NULL, '2023-11-01 18:41:40', NULL, NULL),
(201, 15, 3, 31.6064, NULL, '2023-11-01 18:46:40', NULL, NULL),
(202, 71, 2, 5.78834, NULL, '2023-11-01 18:46:40', NULL, NULL),
(203, 100, 3, 2.87296, NULL, '2023-11-01 18:46:40', NULL, NULL),
(204, 183, 1, 3.25, NULL, '2023-11-01 18:46:40', NULL, NULL),
(208, 178, 2, 15.7177, NULL, '2023-11-01 18:46:40', NULL, NULL),
(209, 189, 3, 70.2447, NULL, '2023-11-01 18:46:40', NULL, NULL),
(211, 31, 3, 7.84941, NULL, '2023-11-01 18:46:40', NULL, NULL),
(212, 181, 2, 2.60833, NULL, '2023-11-01 18:46:40', NULL, NULL),
(214, 120, 3, 8.58663, NULL, '2023-11-01 18:46:40', NULL, NULL),
(215, 180, 2, 36.4024, NULL, '2023-11-01 18:46:40', NULL, NULL),
(216, 181, 2, -2.60833, NULL, '2023-11-01 18:46:40', NULL, NULL),
(217, 95, 3, 28.3338, NULL, '2023-11-01 18:46:40', NULL, NULL),
(218, 191, 1, 8.75, NULL, '2023-11-01 18:46:40', NULL, NULL),
(219, 193, 2, -8.97968, NULL, '2023-11-01 18:46:40', NULL, NULL),
(220, 117, 2, 70.4331, NULL, '2023-11-01 18:46:40', NULL, NULL),
(221, 193, 3, 8.97968, NULL, '2023-11-01 18:46:40', NULL, NULL),
(223, 6, 3, 103.336, NULL, '2023-11-01 18:46:40', NULL, NULL),
(224, 63, 3, 0, NULL, '2023-11-01 18:46:40', NULL, NULL),
(225, 101, 2, 47.1696, NULL, '2023-11-01 18:46:40', NULL, NULL),
(226, 197, 2, 22.0201, NULL, '2023-11-01 18:46:40', NULL, NULL),
(227, 9, 2, 34.5504, NULL, '2023-11-01 18:46:40', NULL, NULL),
(228, 128, 4, 84.8839, NULL, '2023-11-01 18:46:40', NULL, NULL),
(229, 194, 1, 6.25, NULL, '2023-11-01 18:46:40', NULL, NULL),
(230, 116, 4, 5.49363, NULL, '2023-11-01 18:46:40', NULL, NULL);

-- --------------------------------------------------------

--
-- Estrutura da tabela `pagamentos_tipos`
--

CREATE TABLE `pagamentos_tipos` (
  `id` int(11) NOT NULL,
  `descricao` varchar(100) NOT NULL,
  `criacao_data` datetime NOT NULL DEFAULT current_timestamp(),
  `alteracao_data` datetime DEFAULT NULL,
  `exclusao_data` datetime DEFAULT NULL
) ENGINE=InnoDB DEFAULT CHARSET=utf8 COLLATE=utf8_general_ci;

--
-- Extraindo dados da tabela `pagamentos_tipos`
--

INSERT INTO `pagamentos_tipos` (`id`, `descricao`, `criacao_data`, `alteracao_data`, `exclusao_data`) VALUES
(1, 'Dinheiro', '2023-11-01 13:44:03', NULL, NULL),
(2, 'Cartão de Débito', '2023-11-01 13:44:03', NULL, NULL),
(3, 'Cartão de Crédito', '2023-11-01 13:44:03', NULL, NULL),
(4, 'PIX', '2023-11-01 13:44:03', NULL, NULL),
(5, 'Promoção da Loja', '2023-11-01 13:44:03', NULL, NULL);

-- --------------------------------------------------------

--
-- Estrutura da tabela `pedidos`
--

CREATE TABLE `pedidos` (
  `id` int(11) NOT NULL,
  `atendimentos_id` int(10) UNSIGNED NOT NULL,
  `produtos_id` int(10) UNSIGNED NOT NULL,
  `quantidade` int(11) NOT NULL DEFAULT 1,
  `valor_un` float NOT NULL COMMENT 'Valor do produto pedido no momento do pedido.',
  `situacao` enum('Pedido','Produção','Entrega','Entregue') NOT NULL DEFAULT 'Entregue' COMMENT 'enum(''Pedido'',''Produção'',''Entrega'',''Entregue'')\n',
  `saida_data` datetime DEFAULT NULL COMMENT 'Hora da saída do pedido da produção.',
  `entrega_data` datetime DEFAULT NULL COMMENT 'momento de recebimento do pedido pelo cliente',
  `criacao_data` datetime NOT NULL DEFAULT current_timestamp(),
  `alteracao_data` datetime DEFAULT NULL,
  `exclusao_data` datetime DEFAULT NULL
) ENGINE=InnoDB DEFAULT CHARSET=utf8 COLLATE=utf8_general_ci;

--
-- Extraindo dados da tabela `pedidos`
--

INSERT INTO `pedidos` (`id`, `atendimentos_id`, `produtos_id`, `quantidade`, `valor_un`, `situacao`, `saida_data`, `entrega_data`, `criacao_data`, `alteracao_data`, `exclusao_data`) VALUES
(1, 144, 30, 8, 7.99, 'Entregue', NULL, NULL, '2023-08-25 21:00:35', NULL, NULL),
(2, 128, 19, 1, 3.5, 'Entregue', NULL, NULL, '2023-09-30 22:19:33', NULL, NULL),
(3, 29, 48, 1, 4.99, 'Entregue', NULL, NULL, '2022-12-10 19:21:32', NULL, NULL),
(4, 167, 45, 1, 4.99, 'Entregue', NULL, NULL, '2023-01-09 20:44:08', NULL, NULL),
(5, 19, 43, 1, 6.99, 'Entregue', NULL, NULL, '2022-12-07 21:13:24', NULL, NULL),
(6, 170, 9, 10, 10.99, 'Entregue', NULL, NULL, '2023-01-21 21:33:17', NULL, NULL),
(7, 146, 17, 4, 6.49, 'Entregue', NULL, NULL, '2023-03-25 23:00:17', NULL, NULL),
(8, 57, 44, 1, 11.99, 'Entregue', NULL, NULL, '2023-02-06 19:28:51', NULL, NULL),
(9, 9, 8, 5, 12.99, 'Entregue', NULL, NULL, '2023-01-06 22:18:58', NULL, NULL),
(10, 5, 43, 1, 6.99, 'Entregue', NULL, NULL, '2023-05-30 22:28:53', NULL, NULL),
(11, 117, 47, 6, 11.99, 'Entregue', NULL, NULL, '2023-08-06 22:32:35', NULL, NULL),
(12, 194, 45, 1, 4.99, 'Entregue', NULL, NULL, '2022-12-29 23:31:46', NULL, NULL),
(13, 26, 44, 1, 11.99, 'Entregue', NULL, NULL, '2023-10-28 20:52:58', NULL, NULL),
(14, 151, 13, 1, 6.99, 'Entregue', NULL, NULL, '2022-11-24 23:39:53', NULL, NULL),
(15, 113, 43, 1, 6.99, 'Entregue', NULL, NULL, '2023-04-27 19:51:03', NULL, NULL),
(16, 11, 37, 1, 2.5, 'Entregue', NULL, NULL, '2023-02-02 20:28:28', NULL, NULL),
(17, 61, 49, 1, 6.99, 'Entregue', NULL, NULL, '2023-01-07 21:28:31', NULL, NULL),
(18, 159, 15, 1, 7.99, 'Entregue', NULL, NULL, '2023-06-20 21:50:07', NULL, NULL),
(19, 29, 28, 1, 11.99, 'Entregue', NULL, NULL, '2022-12-10 19:31:32', NULL, NULL),
(20, 169, 38, 1, 2, 'Entregue', NULL, NULL, '2023-07-08 22:08:11', NULL, NULL),
(21, 46, 9, 1, 10.99, 'Entregue', NULL, NULL, '2023-01-03 22:41:19', NULL, NULL),
(22, 178, 40, 1, 4.49, 'Entregue', NULL, NULL, '2023-01-28 22:38:43', NULL, NULL),
(23, 7, 40, 3, 4.49, 'Entregue', NULL, NULL, '2022-11-04 22:10:14', NULL, NULL),
(24, 128, 48, 1, 4.99, 'Entregue', NULL, NULL, '2023-09-30 22:04:33', NULL, NULL),
(25, 61, 28, 1, 11.99, 'Entregue', NULL, NULL, '2023-01-07 22:22:31', NULL, NULL),
(26, 200, 16, 1, 8.99, 'Entregue', NULL, NULL, '2023-04-01 21:47:39', NULL, NULL),
(27, 91, 37, 2, 2.5, 'Entregue', NULL, NULL, '2022-12-13 22:16:18', NULL, NULL),
(28, 198, 48, 2, 4.99, 'Entregue', NULL, NULL, '2023-07-31 20:07:30', NULL, NULL),
(29, 191, 21, 1, 7.99, 'Entregue', NULL, NULL, '2023-06-07 21:17:28', NULL, NULL),
(30, 6, 33, 1, 5.99, 'Entregue', NULL, NULL, '2023-10-24 00:20:55', NULL, NULL),
(31, 192, 23, 1, 11.99, 'Entregue', NULL, NULL, '2023-03-26 20:07:24', NULL, NULL),
(32, 175, 15, 1, 7.99, 'Entregue', NULL, NULL, '2023-01-28 22:19:20', NULL, NULL),
(33, 30, 35, 9, 9.99, 'Entregue', NULL, NULL, '2023-04-18 21:59:27', NULL, NULL),
(34, 66, 46, 7, 6.99, 'Entregue', NULL, NULL, '2023-01-18 20:49:38', NULL, NULL),
(35, 174, 39, 1, 3, 'Entregue', NULL, NULL, '2023-08-19 19:17:43', NULL, NULL),
(36, 51, 36, 1, 11.99, 'Entregue', NULL, NULL, '2023-04-06 21:51:49', NULL, NULL),
(37, 2, 46, 1, 6.99, 'Entregue', NULL, NULL, '2022-12-22 21:12:20', NULL, NULL),
(38, 37, 22, 1, 9.99, 'Entregue', NULL, NULL, '2023-07-10 21:13:17', NULL, NULL),
(39, 3, 3, 1, 8.99, 'Entregue', NULL, NULL, '2023-09-25 22:34:09', NULL, NULL),
(40, 53, 15, 8, 7.99, 'Entregue', NULL, NULL, '2023-01-03 19:20:07', NULL, NULL),
(41, 133, 30, 1, 7.99, 'Entregue', NULL, NULL, '2023-08-10 20:13:55', NULL, NULL),
(42, 21, 49, 1, 6.99, 'Entregue', NULL, NULL, '2023-07-18 22:00:18', NULL, NULL),
(43, 87, 34, 8, 7.99, 'Entregue', NULL, NULL, '2023-09-28 21:45:55', NULL, NULL),
(44, 99, 21, 1, 7.99, 'Entregue', NULL, NULL, '2023-06-09 21:11:55', NULL, NULL),
(45, 30, 16, 1, 8.99, 'Entregue', NULL, NULL, '2023-04-18 22:26:27', NULL, NULL),
(46, 121, 48, 1, 4.99, 'Entregue', NULL, NULL, '2022-11-25 21:59:13', NULL, NULL),
(47, 176, 20, 1, 5.99, 'Entregue', NULL, NULL, '2023-04-25 22:45:13', NULL, NULL),
(48, 135, 45, 9, 4.99, 'Entregue', NULL, NULL, '2023-05-10 19:40:48', NULL, NULL),
(49, 153, 24, 1, 3, 'Entregue', NULL, NULL, '2023-01-30 21:08:57', NULL, NULL),
(50, 147, 11, 1, 11.99, 'Entregue', NULL, NULL, '2023-10-22 20:47:45', NULL, NULL),
(51, 114, 25, 1, 5.99, 'Entregue', NULL, NULL, '2022-12-25 22:13:19', NULL, NULL),
(52, 69, 36, 8, 11.99, 'Entregue', NULL, NULL, '2023-04-10 19:31:19', NULL, NULL),
(53, 178, 23, 1, 11.99, 'Entregue', NULL, NULL, '2023-01-28 21:26:43', NULL, NULL),
(54, 142, 4, 1, 7.99, 'Entregue', NULL, NULL, '2023-03-05 20:29:27', NULL, NULL),
(55, 175, 41, 1, 4.49, 'Entregue', NULL, NULL, '2023-01-28 22:17:20', NULL, NULL),
(56, 52, 42, 1, 4.99, 'Entregue', NULL, NULL, '2023-01-12 20:59:49', NULL, NULL),
(57, 45, 12, 1, 7.99, 'Entregue', NULL, NULL, '2023-10-21 23:25:23', NULL, NULL),
(58, 132, 21, 1, 7.99, 'Entregue', NULL, NULL, '2022-12-08 23:19:50', NULL, NULL),
(59, 76, 53, 1, 11.99, 'Entregue', NULL, NULL, '2023-05-07 21:17:51', NULL, NULL),
(60, 42, 20, 8, 5.99, 'Entregue', NULL, NULL, '2023-05-08 20:39:02', NULL, NULL),
(61, 43, 27, 1, 9.99, 'Entregue', NULL, NULL, '2023-01-31 20:07:53', NULL, NULL),
(62, 182, 10, 9, 8.49, 'Entregue', NULL, NULL, '2023-03-19 20:00:26', NULL, NULL),
(63, 18, 34, 6, 7.99, 'Entregue', NULL, NULL, '2023-08-05 21:04:39', NULL, NULL),
(64, 59, 24, 1, 3, 'Entregue', NULL, NULL, '2023-03-25 21:10:54', NULL, NULL),
(65, 176, 19, 1, 3.5, 'Entregue', NULL, NULL, '2023-04-25 22:05:13', NULL, NULL),
(66, 118, 23, 9, 11.99, 'Entregue', NULL, NULL, '2023-03-05 22:55:26', NULL, NULL),
(67, 132, 40, 1, 4.49, 'Entregue', NULL, NULL, '2022-12-08 23:31:50', NULL, NULL),
(68, 56, 52, 1, 6.99, 'Entregue', NULL, NULL, '2023-04-20 20:43:21', NULL, NULL),
(69, 9, 40, 9, 4.49, 'Entregue', NULL, NULL, '2023-01-06 22:23:58', NULL, NULL),
(70, 12, 11, 1, 11.99, 'Entregue', NULL, NULL, '2023-05-07 21:48:27', NULL, NULL),
(71, 89, 50, 1, 11.99, 'Entregue', NULL, NULL, '2022-11-26 21:47:43', NULL, NULL),
(72, 66, 22, 1, 9.99, 'Entregue', NULL, NULL, '2023-01-18 20:01:38', NULL, NULL),
(73, 67, 21, 1, 7.99, 'Entregue', NULL, NULL, '2023-06-16 20:16:11', NULL, NULL),
(74, 17, 9, 1, 10.99, 'Entregue', NULL, NULL, '2022-11-11 22:15:17', NULL, NULL),
(75, 70, 34, 1, 7.99, 'Entregue', NULL, NULL, '2023-09-17 22:33:50', NULL, NULL),
(76, 18, 12, 1, 7.99, 'Entregue', NULL, NULL, '2023-08-05 21:18:39', NULL, NULL),
(77, 101, 5, 1, 8.49, 'Entregue', NULL, NULL, '2023-09-26 00:10:26', NULL, NULL),
(78, 98, 19, 4, 3.5, 'Entregue', NULL, NULL, '2023-02-17 21:38:06', NULL, NULL),
(79, 166, 11, 1, 11.99, 'Entregue', NULL, NULL, '2023-05-06 22:03:21', NULL, NULL),
(80, 72, 47, 1, 11.99, 'Entregue', NULL, NULL, '2023-05-05 22:23:48', NULL, NULL),
(81, 128, 1, 1, 9.99, 'Entregue', NULL, NULL, '2023-09-30 21:40:33', NULL, NULL),
(82, 115, 17, 9, 6.49, 'Entregue', NULL, NULL, '2022-12-10 22:37:36', NULL, NULL),
(83, 74, 46, 1, 6.99, 'Entregue', NULL, NULL, '2022-12-02 21:29:12', NULL, NULL),
(84, 28, 47, 1, 11.99, 'Entregue', NULL, NULL, '2023-02-25 22:44:33', NULL, NULL),
(85, 167, 18, 1, 5.99, 'Entregue', NULL, NULL, '2023-01-09 20:24:08', NULL, NULL),
(86, 197, 28, 1, 11.99, 'Entregue', NULL, NULL, '2022-11-30 20:24:46', NULL, NULL),
(87, 64, 24, 1, 3, 'Entregue', NULL, NULL, '2022-12-27 20:07:38', NULL, NULL),
(88, 138, 1, 1, 9.99, 'Entregue', NULL, NULL, '2023-09-21 22:53:33', NULL, NULL),
(89, 47, 16, 1, 8.99, 'Entregue', NULL, NULL, '2023-06-20 20:54:07', NULL, NULL),
(90, 48, 15, 1, 7.99, 'Entregue', NULL, NULL, '2023-10-17 23:39:36', NULL, NULL),
(91, 80, 19, 9, 3.5, 'Entregue', NULL, NULL, '2022-12-19 23:10:44', NULL, NULL),
(92, 98, 9, 1, 10.99, 'Entregue', NULL, NULL, '2023-02-17 22:29:06', NULL, NULL),
(93, 129, 29, 8, 5.99, 'Entregue', NULL, NULL, '2023-04-06 22:20:52', NULL, NULL),
(94, 158, 34, 1, 7.99, 'Entregue', NULL, NULL, '2023-02-18 20:18:03', NULL, NULL),
(95, 102, 2, 1, 10.99, 'Entregue', NULL, NULL, '2023-02-23 23:35:10', NULL, NULL),
(96, 99, 13, 9, 6.99, 'Entregue', NULL, NULL, '2023-06-09 22:44:55', NULL, NULL),
(97, 59, 28, 9, 11.99, 'Entregue', NULL, NULL, '2023-03-25 19:28:54', NULL, NULL),
(98, 31, 16, 1, 8.99, 'Entregue', NULL, NULL, '2023-05-14 22:25:08', NULL, NULL),
(99, 128, 26, 1, 7.99, 'Entregue', NULL, NULL, '2023-09-30 21:37:33', NULL, NULL),
(100, 55, 23, 1, 11.99, 'Entregue', NULL, NULL, '2022-11-27 20:52:00', NULL, NULL),
(101, 155, 2, 1, 10.99, 'Entregue', NULL, NULL, '2023-03-03 22:13:02', NULL, NULL),
(102, 180, 33, 1, 5.99, 'Entregue', NULL, NULL, '2023-10-07 22:18:04', NULL, NULL),
(103, 6, 28, 6, 11.99, 'Entregue', NULL, NULL, '2023-10-24 00:46:55', NULL, NULL),
(104, 177, 19, 1, 3.5, 'Entregue', NULL, NULL, '2022-12-18 22:04:16', NULL, NULL),
(105, 93, 24, 1, 3, 'Entregue', NULL, NULL, '2023-07-11 20:34:57', NULL, NULL),
(106, 179, 41, 1, 4.49, 'Entregue', NULL, NULL, '2023-05-14 22:31:00', NULL, NULL),
(107, 147, 33, 1, 5.99, 'Entregue', NULL, NULL, '2023-10-22 21:10:45', NULL, NULL),
(108, 180, 23, 1, 11.99, 'Entregue', NULL, NULL, '2023-10-07 21:28:04', NULL, NULL),
(109, 143, 19, 1, 3.5, 'Entregue', NULL, NULL, '2023-09-10 22:14:10', NULL, NULL),
(110, 162, 13, 1, 6.99, 'Entregue', NULL, NULL, '2023-05-14 19:52:05', NULL, NULL),
(111, 127, 37, 1, 2.5, 'Entregue', NULL, NULL, '2023-03-27 20:15:24', NULL, NULL),
(112, 196, 7, 1, 9.49, 'Entregue', NULL, NULL, '2023-03-21 20:38:56', NULL, NULL),
(113, 62, 2, 1, 10.99, 'Entregue', NULL, NULL, '2023-01-24 21:16:52', NULL, NULL),
(114, 34, 7, 1, 9.49, 'Entregue', NULL, NULL, '2023-01-17 21:37:51', NULL, NULL),
(115, 108, 26, 6, 7.99, 'Entregue', NULL, NULL, '2023-05-03 22:19:03', NULL, NULL),
(116, 142, 18, 1, 5.99, 'Entregue', NULL, NULL, '2023-03-05 19:55:27', NULL, NULL),
(117, 111, 18, 1, 5.99, 'Entregue', NULL, NULL, '2022-12-03 22:27:02', NULL, NULL),
(118, 26, 44, 5, 11.99, 'Entregue', NULL, NULL, '2023-10-28 20:47:58', NULL, NULL),
(119, 57, 26, 1, 7.99, 'Entregue', NULL, NULL, '2023-02-06 21:02:51', NULL, NULL),
(120, 125, 32, 6, 11.99, 'Entregue', NULL, NULL, '2023-03-14 22:41:45', NULL, NULL),
(121, 77, 7, 1, 9.49, 'Entregue', NULL, NULL, '2023-09-21 20:05:55', NULL, NULL),
(122, 20, 24, 1, 3, 'Entregue', NULL, NULL, '2023-04-13 21:19:03', NULL, NULL),
(123, 158, 52, 1, 6.99, 'Entregue', NULL, NULL, '2023-02-18 20:21:03', NULL, NULL),
(124, 145, 41, 8, 4.49, 'Entregue', NULL, NULL, '2023-01-08 21:55:39', NULL, NULL),
(125, 46, 38, 1, 2, 'Entregue', NULL, NULL, '2023-01-03 23:03:19', NULL, NULL),
(126, 156, 14, 1, 5.49, 'Entregue', NULL, NULL, '2023-07-20 23:42:12', NULL, NULL),
(127, 6, 7, 1, 9.49, 'Entregue', NULL, NULL, '2023-10-24 01:15:55', NULL, NULL),
(128, 85, 14, 1, 5.49, 'Entregue', NULL, NULL, '2023-07-27 22:45:14', NULL, NULL),
(129, 112, 2, 9, 10.99, 'Entregue', NULL, NULL, '2023-08-07 21:13:54', NULL, NULL),
(130, 128, 8, 1, 12.99, 'Entregue', NULL, NULL, '2023-09-30 22:52:33', NULL, NULL),
(131, 43, 38, 1, 2, 'Entregue', NULL, NULL, '2023-01-31 20:15:53', NULL, NULL),
(132, 100, 14, 1, 5.49, 'Entregue', NULL, NULL, '2023-05-04 21:34:03', NULL, NULL),
(133, 21, 52, 1, 6.99, 'Entregue', NULL, NULL, '2023-07-18 22:40:18', NULL, NULL),
(134, 15, 5, 1, 8.49, 'Entregue', NULL, NULL, '2023-03-14 23:20:19', NULL, NULL),
(135, 163, 44, 1, 11.99, 'Entregue', NULL, NULL, '2023-01-28 21:46:50', NULL, NULL),
(136, 144, 16, 1, 8.99, 'Entregue', NULL, NULL, '2023-08-25 21:06:35', NULL, NULL),
(137, 142, 25, 1, 5.99, 'Entregue', NULL, NULL, '2023-03-05 20:40:27', NULL, NULL),
(138, 155, 36, 1, 11.99, 'Entregue', NULL, NULL, '2023-03-03 23:26:02', NULL, NULL),
(139, 86, 40, 1, 4.49, 'Entregue', NULL, NULL, '2022-12-23 21:04:05', NULL, NULL),
(140, 38, 26, 7, 7.99, 'Entregue', NULL, NULL, '2023-08-16 21:23:07', NULL, NULL),
(141, 107, 7, 1, 9.49, 'Entregue', NULL, NULL, '2023-02-04 21:22:41', NULL, NULL),
(142, 192, 31, 1, 9.99, 'Entregue', NULL, NULL, '2023-03-26 21:36:24', NULL, NULL),
(143, 95, 49, 1, 6.99, 'Entregue', NULL, NULL, '2023-02-27 20:00:21', NULL, NULL),
(144, 47, 17, 1, 6.49, 'Entregue', NULL, NULL, '2023-06-20 21:30:07', NULL, NULL),
(145, 120, 31, 1, 9.99, 'Entregue', NULL, NULL, '2023-10-03 23:18:27', NULL, NULL),
(146, 21, 11, 1, 11.99, 'Entregue', NULL, NULL, '2023-07-18 22:31:18', NULL, NULL),
(147, 103, 17, 8, 6.49, 'Entregue', NULL, NULL, '2023-09-15 23:06:42', NULL, NULL),
(148, 6, 33, 6, 5.99, 'Entregue', NULL, NULL, '2023-10-24 00:16:55', NULL, NULL),
(149, 17, 43, 1, 6.99, 'Entregue', NULL, NULL, '2022-11-11 21:05:17', NULL, NULL),
(150, 154, 41, 6, 4.49, 'Entregue', NULL, NULL, '2023-07-23 20:46:29', NULL, NULL),
(151, 150, 53, 1, 11.99, 'Entregue', NULL, NULL, '2023-03-02 21:26:43', NULL, NULL),
(152, 186, 45, 1, 4.99, 'Entregue', NULL, NULL, '2023-02-04 23:44:49', NULL, NULL),
(153, 2, 27, 8, 9.99, 'Entregue', NULL, NULL, '2022-12-22 21:27:20', NULL, NULL),
(154, 143, 38, 6, 2, 'Entregue', NULL, NULL, '2023-09-10 22:22:10', NULL, NULL),
(155, 35, 19, 1, 3.5, 'Entregue', NULL, NULL, '2023-06-17 00:03:27', NULL, NULL),
(156, 79, 30, 1, 7.99, 'Entregue', NULL, NULL, '2023-10-20 19:57:51', NULL, NULL),
(157, 102, 9, 1, 10.99, 'Entregue', NULL, NULL, '2023-02-24 00:05:10', NULL, NULL),
(158, 198, 34, 1, 7.99, 'Entregue', NULL, NULL, '2023-07-31 20:48:30', NULL, NULL),
(159, 79, 29, 1, 5.99, 'Entregue', NULL, NULL, '2023-10-20 19:56:51', NULL, NULL),
(160, 75, 50, 10, 11.99, 'Entregue', NULL, NULL, '2023-09-01 22:30:38', NULL, NULL),
(161, 151, 45, 1, 4.99, 'Entregue', NULL, NULL, '2022-11-24 22:58:53', NULL, NULL),
(162, 146, 42, 1, 4.99, 'Entregue', NULL, NULL, '2023-03-25 21:54:17', NULL, NULL),
(163, 69, 12, 1, 7.99, 'Entregue', NULL, NULL, '2023-04-10 19:34:19', NULL, NULL),
(164, 3, 34, 1, 7.99, 'Entregue', NULL, NULL, '2023-09-25 21:38:09', NULL, NULL),
(165, 80, 4, 1, 7.99, 'Entregue', NULL, NULL, '2022-12-19 21:55:44', NULL, NULL),
(166, 94, 11, 8, 11.99, 'Entregue', NULL, NULL, '2023-10-19 20:55:50', NULL, NULL),
(167, 186, 51, 4, 4.99, 'Entregue', NULL, NULL, '2023-02-04 22:26:49', NULL, NULL),
(168, 103, 36, 7, 11.99, 'Entregue', NULL, NULL, '2023-09-15 22:04:42', NULL, NULL),
(169, 105, 39, 3, 3, 'Entregue', NULL, NULL, '2023-07-30 23:09:29', NULL, NULL),
(170, 60, 4, 1, 7.99, 'Entregue', NULL, NULL, '2023-10-24 20:40:03', NULL, NULL),
(171, 102, 47, 1, 11.99, 'Entregue', NULL, NULL, '2023-02-23 23:52:10', NULL, NULL),
(172, 155, 31, 1, 9.99, 'Entregue', NULL, NULL, '2023-03-03 21:57:02', NULL, NULL),
(173, 106, 42, 1, 4.99, 'Entregue', NULL, NULL, '2023-05-22 20:15:40', NULL, NULL),
(174, 166, 15, 5, 7.99, 'Entregue', NULL, NULL, '2023-05-06 22:12:21', NULL, NULL),
(175, 185, 30, 1, 7.99, 'Entregue', NULL, NULL, '2023-03-20 23:17:56', NULL, NULL),
(176, 166, 25, 1, 5.99, 'Entregue', NULL, NULL, '2023-05-06 21:36:21', NULL, NULL),
(177, 14, 45, 1, 4.99, 'Entregue', NULL, NULL, '2023-07-22 20:41:04', NULL, NULL),
(178, 99, 29, 1, 5.99, 'Entregue', NULL, NULL, '2023-06-09 22:19:55', NULL, NULL),
(179, 114, 9, 1, 10.99, 'Entregue', NULL, NULL, '2022-12-25 21:55:19', NULL, NULL),
(180, 29, 24, 7, 3, 'Entregue', NULL, NULL, '2022-12-10 20:24:32', NULL, NULL),
(181, 187, 22, 1, 9.99, 'Entregue', NULL, NULL, '2022-11-16 20:49:29', NULL, NULL),
(182, 138, 42, 1, 4.99, 'Entregue', NULL, NULL, '2023-09-21 21:55:33', NULL, NULL),
(183, 117, 12, 1, 7.99, 'Entregue', NULL, NULL, '2023-08-06 22:02:35', NULL, NULL),
(184, 118, 38, 1, 2, 'Entregue', NULL, NULL, '2023-03-05 22:03:26', NULL, NULL),
(185, 3, 11, 1, 11.99, 'Entregue', NULL, NULL, '2023-09-25 22:22:09', NULL, NULL),
(186, 15, 9, 1, 10.99, 'Entregue', NULL, NULL, '2023-03-14 22:10:19', NULL, NULL),
(187, 62, 37, 6, 2.5, 'Entregue', NULL, NULL, '2023-01-24 21:40:52', NULL, NULL),
(188, 54, 49, 1, 6.99, 'Entregue', NULL, NULL, '2023-01-13 19:53:05', NULL, NULL),
(189, 49, 2, 9, 10.99, 'Entregue', NULL, NULL, '2023-07-30 21:43:56', NULL, NULL),
(190, 123, 51, 1, 4.99, 'Entregue', NULL, NULL, '2022-11-28 20:41:05', NULL, NULL),
(191, 191, 47, 1, 11.99, 'Entregue', NULL, NULL, '2023-06-07 21:05:28', NULL, NULL),
(192, 48, 35, 1, 9.99, 'Entregue', NULL, NULL, '2023-10-17 23:03:36', NULL, NULL),
(193, 69, 8, 1, 12.99, 'Entregue', NULL, NULL, '2023-04-10 20:39:19', NULL, NULL),
(194, 183, 49, 1, 6.99, 'Entregue', NULL, NULL, '2023-09-18 23:24:18', NULL, NULL),
(195, 56, 12, 1, 7.99, 'Entregue', NULL, NULL, '2023-04-20 21:09:21', NULL, NULL),
(196, 61, 28, 1, 11.99, 'Entregue', NULL, NULL, '2023-01-07 21:28:31', NULL, NULL),
(197, 160, 11, 1, 11.99, 'Entregue', NULL, NULL, '2023-01-29 22:52:54', NULL, NULL),
(198, 127, 52, 6, 6.99, 'Entregue', NULL, NULL, '2023-03-27 21:01:24', NULL, NULL),
(199, 73, 34, 5, 7.99, 'Entregue', NULL, NULL, '2022-12-29 22:34:33', NULL, NULL),
(200, 149, 45, 1, 4.99, 'Entregue', NULL, NULL, '2023-05-07 22:03:46', NULL, NULL),
(201, 81, 32, 1, 11.99, 'Entregue', NULL, NULL, '2022-12-25 21:03:02', NULL, NULL),
(202, 54, 11, 1, 11.99, 'Entregue', NULL, NULL, '2023-01-13 21:05:05', NULL, NULL),
(203, 77, 43, 1, 6.99, 'Entregue', NULL, NULL, '2023-09-21 21:15:55', NULL, NULL),
(204, 38, 7, 1, 9.49, 'Entregue', NULL, NULL, '2023-08-16 21:28:07', NULL, NULL),
(205, 14, 36, 1, 11.99, 'Entregue', NULL, NULL, '2023-07-22 21:05:04', NULL, NULL),
(206, 113, 50, 1, 11.99, 'Entregue', NULL, NULL, '2023-04-27 20:31:03', NULL, NULL),
(207, 24, 28, 1, 11.99, 'Entregue', NULL, NULL, '2022-11-07 21:49:23', NULL, NULL),
(208, 24, 40, 1, 4.49, 'Entregue', NULL, NULL, '2022-11-07 21:47:23', NULL, NULL),
(209, 46, 14, 1, 5.49, 'Entregue', NULL, NULL, '2023-01-03 21:35:19', NULL, NULL),
(210, 181, 38, 1, 2, 'Entregue', NULL, NULL, '2023-05-24 00:11:34', NULL, NULL),
(211, 20, 34, 1, 7.99, 'Entregue', NULL, NULL, '2023-04-13 21:22:03', NULL, NULL),
(212, 198, 22, 1, 9.99, 'Entregue', NULL, NULL, '2023-07-31 20:27:30', NULL, NULL),
(213, 14, 47, 7, 11.99, 'Entregue', NULL, NULL, '2023-07-22 20:45:04', NULL, NULL),
(214, 125, 51, 9, 4.99, 'Entregue', NULL, NULL, '2023-03-14 22:38:45', NULL, NULL),
(215, 33, 38, 1, 2, 'Entregue', NULL, NULL, '2023-10-23 23:12:34', NULL, NULL),
(216, 196, 17, 1, 6.49, 'Entregue', NULL, NULL, '2023-03-21 21:51:56', NULL, NULL),
(217, 7, 32, 1, 11.99, 'Entregue', NULL, NULL, '2022-11-04 22:25:14', NULL, NULL),
(218, 126, 43, 3, 6.99, 'Entregue', NULL, NULL, '2023-07-24 20:30:49', NULL, NULL),
(219, 28, 40, 1, 4.49, 'Entregue', NULL, NULL, '2023-02-25 22:11:33', NULL, NULL),
(220, 55, 12, 1, 7.99, 'Entregue', NULL, NULL, '2022-11-27 22:19:00', NULL, NULL),
(221, 162, 10, 2, 8.49, 'Entregue', NULL, NULL, '2023-05-14 19:50:05', NULL, NULL),
(222, 166, 25, 1, 5.99, 'Entregue', NULL, NULL, '2023-05-06 21:40:21', NULL, NULL),
(223, 23, 30, 1, 7.99, 'Entregue', NULL, NULL, '2023-10-20 22:34:59', NULL, NULL),
(224, 77, 22, 1, 9.99, 'Entregue', NULL, NULL, '2023-09-21 20:49:55', NULL, NULL),
(225, 42, 28, 3, 11.99, 'Entregue', NULL, NULL, '2023-05-08 20:43:02', NULL, NULL),
(226, 14, 30, 9, 7.99, 'Entregue', NULL, NULL, '2023-07-22 20:51:04', NULL, NULL),
(227, 165, 39, 1, 3, 'Entregue', NULL, NULL, '2023-04-22 22:17:09', NULL, NULL),
(228, 87, 37, 8, 2.5, 'Entregue', NULL, NULL, '2023-09-28 22:05:55', NULL, NULL),
(229, 147, 28, 1, 11.99, 'Entregue', NULL, NULL, '2023-10-22 20:07:45', NULL, NULL),
(230, 198, 39, 1, 3, 'Entregue', NULL, NULL, '2023-07-31 21:16:30', NULL, NULL),
(231, 71, 30, 1, 7.99, 'Entregue', NULL, NULL, '2023-08-16 22:22:59', NULL, NULL),
(232, 2, 14, 1, 5.49, 'Entregue', NULL, NULL, '2022-12-22 20:57:20', NULL, NULL),
(233, 13, 53, 1, 11.99, 'Entregue', NULL, NULL, '2022-11-11 20:19:17', NULL, NULL),
(234, 105, 42, 1, 4.99, 'Entregue', NULL, NULL, '2023-07-30 21:45:29', NULL, NULL),
(235, 20, 7, 1, 9.49, 'Entregue', NULL, NULL, '2023-04-13 21:46:03', NULL, NULL),
(236, 42, 21, 1, 7.99, 'Entregue', NULL, NULL, '2023-05-08 19:13:02', NULL, NULL),
(237, 60, 44, 1, 11.99, 'Entregue', NULL, NULL, '2023-10-24 19:26:03', NULL, NULL),
(238, 168, 46, 1, 6.99, 'Entregue', NULL, NULL, '2022-12-18 20:56:43', NULL, NULL),
(239, 42, 49, 1, 6.99, 'Entregue', NULL, NULL, '2023-05-08 20:07:02', NULL, NULL),
(240, 117, 41, 1, 4.49, 'Entregue', NULL, NULL, '2023-08-06 23:49:35', NULL, NULL),
(241, 7, 19, 2, 3.5, 'Entregue', NULL, NULL, '2022-11-04 21:55:14', NULL, NULL),
(242, 57, 41, 1, 4.49, 'Entregue', NULL, NULL, '2023-02-06 20:53:51', NULL, NULL),
(243, 61, 48, 1, 4.99, 'Entregue', NULL, NULL, '2023-01-07 21:04:31', NULL, NULL),
(244, 56, 51, 1, 4.99, 'Entregue', NULL, NULL, '2023-04-20 21:27:21', NULL, NULL),
(245, 35, 8, 1, 12.99, 'Entregue', NULL, NULL, '2023-06-17 00:17:27', NULL, NULL),
(246, 120, 39, 1, 3, 'Entregue', NULL, NULL, '2023-10-03 23:11:27', NULL, NULL),
(247, 92, 27, 1, 9.99, 'Entregue', NULL, NULL, '2023-10-13 21:11:35', NULL, NULL),
(248, 64, 22, 9, 9.99, 'Entregue', NULL, NULL, '2022-12-27 19:59:38', NULL, NULL),
(249, 35, 51, 1, 4.99, 'Entregue', NULL, NULL, '2023-06-17 00:06:27', NULL, NULL),
(250, 165, 2, 1, 10.99, 'Entregue', NULL, NULL, '2023-04-22 21:42:09', NULL, NULL),
(251, 102, 18, 1, 5.99, 'Entregue', NULL, NULL, '2023-02-24 00:47:10', NULL, NULL),
(252, 111, 43, 1, 6.99, 'Entregue', NULL, NULL, '2022-12-03 23:10:02', NULL, NULL),
(253, 132, 36, 1, 11.99, 'Entregue', NULL, NULL, '2022-12-08 23:59:50', NULL, NULL),
(254, 192, 40, 1, 4.49, 'Entregue', NULL, NULL, '2023-03-26 20:54:24', NULL, NULL),
(255, 112, 36, 1, 11.99, 'Entregue', NULL, NULL, '2023-08-07 20:32:54', NULL, NULL),
(256, 194, 27, 1, 9.99, 'Entregue', NULL, NULL, '2022-12-29 22:04:46', NULL, NULL),
(257, 93, 42, 1, 4.99, 'Entregue', NULL, NULL, '2023-07-11 20:00:57', NULL, NULL),
(258, 119, 3, 1, 8.99, 'Entregue', NULL, NULL, '2023-07-03 00:48:41', NULL, NULL),
(259, 79, 22, 1, 9.99, 'Entregue', NULL, NULL, '2023-10-20 20:12:51', NULL, NULL),
(260, 160, 4, 1, 7.99, 'Entregue', NULL, NULL, '2023-01-29 21:08:54', NULL, NULL),
(261, 124, 52, 1, 6.99, 'Entregue', NULL, NULL, '2022-12-20 20:32:14', NULL, NULL),
(262, 9, 13, 1, 6.99, 'Entregue', NULL, NULL, '2023-01-06 21:41:58', NULL, NULL),
(263, 50, 9, 4, 10.99, 'Entregue', NULL, NULL, '2023-10-18 22:20:41', NULL, NULL),
(264, 162, 46, 1, 6.99, 'Entregue', NULL, NULL, '2023-05-14 21:07:05', NULL, NULL),
(265, 4, 37, 1, 2.5, 'Entregue', NULL, NULL, '2023-02-26 23:10:57', NULL, NULL),
(266, 26, 21, 1, 7.99, 'Entregue', NULL, NULL, '2023-10-28 22:42:58', NULL, NULL),
(267, 75, 25, 1, 5.99, 'Entregue', NULL, NULL, '2023-09-01 21:43:38', NULL, NULL),
(268, 164, 18, 1, 5.99, 'Entregue', NULL, NULL, '2023-03-24 23:17:25', NULL, NULL),
(269, 197, 32, 1, 11.99, 'Entregue', NULL, NULL, '2022-11-30 20:53:46', NULL, NULL),
(270, 49, 50, 6, 11.99, 'Entregue', NULL, NULL, '2023-07-30 20:27:56', NULL, NULL),
(271, 99, 19, 1, 3.5, 'Entregue', NULL, NULL, '2023-06-09 22:40:55', NULL, NULL),
(272, 47, 2, 2, 10.99, 'Entregue', NULL, NULL, '2023-06-20 21:09:07', NULL, NULL),
(273, 145, 31, 1, 9.99, 'Entregue', NULL, NULL, '2023-01-08 22:42:39', NULL, NULL),
(274, 152, 25, 1, 5.99, 'Entregue', NULL, NULL, '2023-09-24 21:32:14', NULL, NULL),
(275, 187, 43, 1, 6.99, 'Entregue', NULL, NULL, '2022-11-16 19:56:29', NULL, NULL),
(276, 60, 25, 1, 5.99, 'Entregue', NULL, NULL, '2023-10-24 19:30:03', NULL, NULL),
(277, 110, 8, 1, 12.99, 'Entregue', NULL, NULL, '2023-02-25 19:11:34', NULL, NULL),
(278, 139, 12, 1, 7.99, 'Entregue', NULL, NULL, '2023-09-29 19:34:03', NULL, NULL),
(279, 8, 31, 1, 9.99, 'Entregue', NULL, NULL, '2023-08-22 21:52:55', NULL, NULL),
(280, 105, 27, 1, 9.99, 'Entregue', NULL, NULL, '2023-07-30 22:10:29', NULL, NULL),
(281, 11, 41, 1, 4.49, 'Entregue', NULL, NULL, '2023-02-02 20:56:28', NULL, NULL),
(282, 92, 12, 1, 7.99, 'Entregue', NULL, NULL, '2023-10-13 21:14:35', NULL, NULL),
(283, 109, 19, 8, 3.5, 'Entregue', NULL, NULL, '2023-10-15 20:17:36', NULL, NULL),
(284, 72, 33, 1, 5.99, 'Entregue', NULL, NULL, '2023-05-05 21:00:48', NULL, NULL),
(285, 134, 8, 8, 12.99, 'Entregue', NULL, NULL, '2023-08-02 00:35:11', NULL, NULL),
(286, 189, 51, 6, 4.99, 'Entregue', NULL, NULL, '2023-01-13 22:21:24', NULL, NULL),
(287, 188, 43, 1, 6.99, 'Entregue', NULL, NULL, '2023-10-22 20:27:44', NULL, NULL),
(288, 70, 2, 1, 10.99, 'Entregue', NULL, NULL, '2023-09-17 21:24:50', NULL, NULL),
(289, 158, 21, 1, 7.99, 'Entregue', NULL, NULL, '2023-02-18 21:56:03', NULL, NULL),
(290, 143, 27, 3, 9.99, 'Entregue', NULL, NULL, '2023-09-10 21:16:10', NULL, NULL),
(291, 149, 45, 6, 4.99, 'Entregue', NULL, NULL, '2023-05-07 21:18:46', NULL, NULL),
(292, 165, 46, 1, 6.99, 'Entregue', NULL, NULL, '2023-04-22 21:35:09', NULL, NULL),
(293, 137, 11, 1, 11.99, 'Entregue', NULL, NULL, '2023-05-18 21:15:26', NULL, NULL),
(294, 109, 25, 1, 5.99, 'Entregue', NULL, NULL, '2023-10-15 21:09:36', NULL, NULL),
(295, 184, 8, 1, 12.99, 'Entregue', NULL, NULL, '2022-11-21 22:43:23', NULL, NULL),
(296, 133, 39, 9, 3, 'Entregue', NULL, NULL, '2023-08-10 20:17:55', NULL, NULL),
(297, 172, 51, 1, 4.99, 'Entregue', NULL, NULL, '2023-04-22 23:16:14', NULL, NULL),
(298, 71, 49, 2, 6.99, 'Entregue', NULL, NULL, '2023-08-16 21:46:59', NULL, NULL),
(299, 31, 35, 1, 9.99, 'Entregue', NULL, NULL, '2023-05-14 22:15:08', NULL, NULL),
(300, 12, 5, 1, 8.49, 'Entregue', NULL, NULL, '2023-05-07 22:49:27', NULL, NULL),
(301, 160, 15, 1, 7.99, 'Entregue', NULL, NULL, '2023-01-29 21:32:54', NULL, NULL),
(302, 76, 53, 1, 11.99, 'Entregue', NULL, NULL, '2023-05-07 21:37:51', NULL, NULL),
(303, 74, 14, 1, 5.49, 'Entregue', NULL, NULL, '2022-12-02 20:44:12', NULL, NULL),
(304, 54, 47, 1, 11.99, 'Entregue', NULL, NULL, '2023-01-13 21:06:05', NULL, NULL),
(305, 90, 22, 2, 9.99, 'Entregue', NULL, NULL, '2023-05-22 20:35:32', NULL, NULL),
(306, 75, 10, 1, 8.49, 'Entregue', NULL, NULL, '2023-09-01 22:02:38', NULL, NULL),
(307, 116, 45, 1, 4.99, 'Entregue', NULL, NULL, '2023-01-25 22:09:04', NULL, NULL),
(308, 6, 27, 1, 9.99, 'Entregue', NULL, NULL, '2023-10-24 01:54:55', NULL, NULL),
(309, 99, 25, 1, 5.99, 'Entregue', NULL, NULL, '2023-06-09 21:23:55', NULL, NULL),
(310, 74, 32, 2, 11.99, 'Entregue', NULL, NULL, '2022-12-02 21:29:12', NULL, NULL),
(311, 83, 39, 1, 3, 'Entregue', NULL, NULL, '2023-01-21 22:03:09', NULL, NULL),
(312, 102, 35, 5, 9.99, 'Entregue', NULL, NULL, '2023-02-24 00:19:10', NULL, NULL),
(313, 67, 27, 1, 9.99, 'Entregue', NULL, NULL, '2023-06-16 21:16:11', NULL, NULL),
(314, 39, 4, 6, 7.99, 'Entregue', NULL, NULL, '2023-08-18 22:11:09', NULL, NULL),
(315, 61, 27, 1, 9.99, 'Entregue', NULL, NULL, '2023-01-07 22:59:31', NULL, NULL),
(316, 173, 45, 1, 4.99, 'Entregue', NULL, NULL, '2023-06-22 23:48:51', NULL, NULL),
(317, 29, 40, 1, 4.49, 'Entregue', NULL, NULL, '2022-12-10 19:26:32', NULL, NULL),
(318, 80, 12, 1, 7.99, 'Entregue', NULL, NULL, '2022-12-19 22:43:44', NULL, NULL),
(319, 66, 14, 1, 5.49, 'Entregue', NULL, NULL, '2023-01-18 19:30:38', NULL, NULL),
(320, 90, 34, 1, 7.99, 'Entregue', NULL, NULL, '2023-05-22 20:57:32', NULL, NULL),
(321, 67, 11, 1, 11.99, 'Entregue', NULL, NULL, '2023-06-16 20:58:11', NULL, NULL),
(322, 42, 26, 1, 7.99, 'Entregue', NULL, NULL, '2023-05-08 20:11:02', NULL, NULL),
(323, 113, 30, 6, 7.99, 'Entregue', NULL, NULL, '2023-04-27 19:50:03', NULL, NULL),
(324, 85, 35, 1, 9.99, 'Entregue', NULL, NULL, '2023-07-27 22:17:14', NULL, NULL),
(325, 131, 4, 2, 7.99, 'Entregue', NULL, NULL, '2023-08-01 21:43:38', NULL, NULL),
(326, 143, 11, 1, 11.99, 'Entregue', NULL, NULL, '2023-09-10 22:08:10', NULL, NULL),
(327, 40, 10, 1, 8.49, 'Entregue', NULL, NULL, '2023-01-07 22:28:04', NULL, NULL),
(328, 73, 39, 1, 3, 'Entregue', NULL, NULL, '2022-12-29 21:55:33', NULL, NULL),
(329, 101, 4, 1, 7.99, 'Entregue', NULL, NULL, '2023-09-26 00:05:26', NULL, NULL),
(330, 62, 18, 2, 5.99, 'Entregue', NULL, NULL, '2023-01-24 22:45:52', NULL, NULL),
(331, 137, 48, 1, 4.99, 'Entregue', NULL, NULL, '2023-05-18 21:22:26', NULL, NULL),
(332, 11, 16, 1, 8.99, 'Entregue', NULL, NULL, '2023-02-02 21:33:28', NULL, NULL),
(333, 73, 28, 2, 11.99, 'Entregue', NULL, NULL, '2022-12-29 22:41:33', NULL, NULL),
(334, 193, 24, 1, 3, 'Entregue', NULL, NULL, '2023-11-01 21:05:39', NULL, NULL),
(335, 144, 32, 1, 11.99, 'Entregue', NULL, NULL, '2023-08-25 21:48:35', NULL, NULL),
(336, 90, 14, 1, 5.49, 'Entregue', NULL, NULL, '2023-05-22 21:17:32', NULL, NULL),
(337, 54, 32, 1, 11.99, 'Entregue', NULL, NULL, '2023-01-13 21:04:05', NULL, NULL),
(338, 67, 48, 4, 4.99, 'Entregue', NULL, NULL, '2023-06-16 20:31:11', NULL, NULL),
(339, 83, 36, 1, 11.99, 'Entregue', NULL, NULL, '2023-01-21 22:37:09', NULL, NULL),
(340, 188, 29, 1, 5.99, 'Entregue', NULL, NULL, '2023-10-22 21:18:44', NULL, NULL),
(341, 86, 34, 1, 7.99, 'Entregue', NULL, NULL, '2022-12-23 21:32:05', NULL, NULL),
(342, 9, 18, 1, 5.99, 'Entregue', NULL, NULL, '2023-01-06 22:08:58', NULL, NULL),
(343, 87, 51, 5, 4.99, 'Entregue', NULL, NULL, '2023-09-28 23:00:55', NULL, NULL),
(344, 159, 38, 1, 2, 'Entregue', NULL, NULL, '2023-06-20 20:23:07', NULL, NULL),
(345, 123, 43, 1, 6.99, 'Entregue', NULL, NULL, '2022-11-28 21:57:05', NULL, NULL),
(346, 95, 6, 1, 11.99, 'Entregue', NULL, NULL, '2023-02-27 20:36:21', NULL, NULL),
(347, 131, 16, 5, 8.99, 'Entregue', NULL, NULL, '2023-08-01 21:47:38', NULL, NULL),
(348, 184, 42, 1, 4.99, 'Entregue', NULL, NULL, '2022-11-21 21:40:23', NULL, NULL),
(349, 98, 36, 1, 11.99, 'Entregue', NULL, NULL, '2023-02-17 22:09:06', NULL, NULL),
(350, 106, 41, 9, 4.49, 'Entregue', NULL, NULL, '2023-05-22 21:43:40', NULL, NULL),
(351, 195, 13, 1, 6.99, 'Entregue', NULL, NULL, '2022-11-10 21:53:38', NULL, NULL),
(352, 173, 15, 1, 7.99, 'Entregue', NULL, NULL, '2023-06-22 23:36:51', NULL, NULL),
(353, 97, 21, 1, 7.99, 'Entregue', NULL, NULL, '2023-05-28 22:34:02', NULL, NULL),
(354, 104, 37, 1, 2.5, 'Entregue', NULL, NULL, '2023-03-10 22:47:59', NULL, NULL),
(355, 67, 4, 1, 7.99, 'Entregue', NULL, NULL, '2023-06-16 19:54:11', NULL, NULL),
(356, 99, 2, 1, 10.99, 'Entregue', NULL, NULL, '2023-06-09 22:05:55', NULL, NULL),
(357, 56, 52, 1, 6.99, 'Entregue', NULL, NULL, '2023-04-20 20:40:21', NULL, NULL),
(358, 163, 11, 1, 11.99, 'Entregue', NULL, NULL, '2023-01-28 21:51:50', NULL, NULL),
(359, 70, 43, 1, 6.99, 'Entregue', NULL, NULL, '2023-09-17 22:14:50', NULL, NULL),
(360, 94, 45, 1, 4.99, 'Entregue', NULL, NULL, '2023-10-19 21:02:50', NULL, NULL),
(361, 43, 11, 6, 11.99, 'Entregue', NULL, NULL, '2023-01-31 19:41:53', NULL, NULL),
(362, 188, 21, 1, 7.99, 'Entregue', NULL, NULL, '2023-10-22 20:11:44', NULL, NULL),
(363, 31, 31, 1, 9.99, 'Entregue', NULL, NULL, '2023-05-14 21:52:08', NULL, NULL),
(364, 117, 19, 1, 3.5, 'Entregue', NULL, NULL, '2023-08-06 22:31:35', NULL, NULL),
(365, 75, 49, 1, 6.99, 'Entregue', NULL, NULL, '2023-09-01 21:37:38', NULL, NULL),
(366, 186, 31, 5, 9.99, 'Entregue', NULL, NULL, '2023-02-04 22:32:49', NULL, NULL),
(367, 83, 16, 1, 8.99, 'Entregue', NULL, NULL, '2023-01-21 22:14:09', NULL, NULL),
(368, 73, 45, 1, 4.99, 'Entregue', NULL, NULL, '2022-12-29 22:08:33', NULL, NULL),
(369, 69, 51, 1, 4.99, 'Entregue', NULL, NULL, '2023-04-10 20:41:19', NULL, NULL),
(370, 164, 3, 1, 8.99, 'Entregue', NULL, NULL, '2023-03-24 23:01:25', NULL, NULL),
(371, 158, 35, 1, 9.99, 'Entregue', NULL, NULL, '2023-02-18 20:25:03', NULL, NULL),
(372, 189, 40, 1, 4.49, 'Entregue', NULL, NULL, '2023-01-13 22:07:24', NULL, NULL),
(373, 77, 4, 1, 7.99, 'Entregue', NULL, NULL, '2023-09-21 20:10:55', NULL, NULL),
(374, 119, 24, 1, 3, 'Entregue', NULL, NULL, '2023-07-02 23:07:41', NULL, NULL),
(375, 176, 35, 1, 9.99, 'Entregue', NULL, NULL, '2023-04-25 23:08:13', NULL, NULL),
(376, 38, 29, 1, 5.99, 'Entregue', NULL, NULL, '2023-08-16 21:32:07', NULL, NULL),
(377, 129, 32, 9, 11.99, 'Entregue', NULL, NULL, '2023-04-06 20:54:52', NULL, NULL),
(378, 56, 41, 1, 4.49, 'Entregue', NULL, NULL, '2023-04-20 21:38:21', NULL, NULL),
(379, 32, 20, 1, 5.99, 'Entregue', NULL, NULL, '2023-05-21 23:11:13', NULL, NULL),
(380, 138, 13, 1, 6.99, 'Entregue', NULL, NULL, '2023-09-21 22:20:33', NULL, NULL),
(381, 35, 11, 1, 11.99, 'Entregue', NULL, NULL, '2023-06-17 01:20:27', NULL, NULL),
(382, 80, 47, 6, 11.99, 'Entregue', NULL, NULL, '2022-12-19 21:56:44', NULL, NULL),
(383, 150, 10, 1, 8.49, 'Entregue', NULL, NULL, '2023-03-02 23:02:43', NULL, NULL),
(384, 21, 46, 1, 6.99, 'Entregue', NULL, NULL, '2023-07-18 21:10:18', NULL, NULL),
(385, 156, 16, 1, 8.99, 'Entregue', NULL, NULL, '2023-07-20 23:32:12', NULL, NULL),
(386, 195, 30, 9, 7.99, 'Entregue', NULL, NULL, '2022-11-10 22:29:38', NULL, NULL),
(387, 41, 28, 2, 11.99, 'Entregue', NULL, NULL, '2022-11-21 21:34:17', NULL, NULL),
(388, 199, 48, 1, 4.99, 'Entregue', NULL, NULL, '2023-04-26 22:30:21', NULL, NULL),
(389, 26, 12, 1, 7.99, 'Entregue', NULL, NULL, '2023-10-28 22:38:58', NULL, NULL),
(390, 176, 25, 8, 5.99, 'Entregue', NULL, NULL, '2023-04-25 22:40:13', NULL, NULL),
(391, 90, 46, 3, 6.99, 'Entregue', NULL, NULL, '2023-05-22 21:43:32', NULL, NULL),
(392, 177, 39, 3, 3, 'Entregue', NULL, NULL, '2022-12-18 21:38:16', NULL, NULL),
(393, 7, 23, 1, 11.99, 'Entregue', NULL, NULL, '2022-11-04 21:41:14', NULL, NULL),
(394, 48, 18, 4, 5.99, 'Entregue', NULL, NULL, '2023-10-17 22:47:36', NULL, NULL),
(395, 35, 50, 5, 11.99, 'Entregue', NULL, NULL, '2023-06-17 00:26:27', NULL, NULL),
(396, 168, 12, 1, 7.99, 'Entregue', NULL, NULL, '2022-12-18 21:19:43', NULL, NULL),
(397, 53, 17, 1, 6.49, 'Entregue', NULL, NULL, '2023-01-03 20:06:07', NULL, NULL),
(398, 59, 24, 1, 3, 'Entregue', NULL, NULL, '2023-03-25 19:34:54', NULL, NULL),
(399, 107, 24, 1, 3, 'Entregue', NULL, NULL, '2023-02-04 20:55:41', NULL, NULL),
(400, 189, 43, 1, 6.99, 'Entregue', NULL, NULL, '2023-01-13 22:33:24', NULL, NULL),
(401, 190, 34, 1, 7.99, 'Entregue', NULL, NULL, '2023-02-26 22:31:57', NULL, NULL),
(402, 72, 40, 1, 4.49, 'Entregue', NULL, NULL, '2023-05-05 21:20:48', NULL, NULL),
(403, 70, 27, 1, 9.99, 'Entregue', NULL, NULL, '2023-09-17 21:11:50', NULL, NULL),
(404, 5, 14, 1, 5.49, 'Entregue', NULL, NULL, '2023-05-30 21:30:53', NULL, NULL),
(405, 134, 36, 1, 11.99, 'Entregue', NULL, NULL, '2023-08-02 01:06:11', NULL, NULL),
(406, 120, 10, 1, 8.49, 'Entregue', NULL, NULL, '2023-10-03 21:30:27', NULL, NULL),
(407, 28, 5, 1, 8.49, 'Entregue', NULL, NULL, '2023-02-25 21:53:33', NULL, NULL),
(408, 76, 44, 6, 11.99, 'Entregue', NULL, NULL, '2023-05-07 21:36:51', NULL, NULL),
(409, 199, 18, 1, 5.99, 'Entregue', NULL, NULL, '2023-04-26 21:47:21', NULL, NULL),
(410, 195, 12, 1, 7.99, 'Entregue', NULL, NULL, '2022-11-10 22:42:38', NULL, NULL),
(411, 195, 12, 1, 7.99, 'Entregue', NULL, NULL, '2022-11-10 21:39:38', NULL, NULL),
(412, 71, 46, 1, 6.99, 'Entregue', NULL, NULL, '2023-08-16 22:18:59', NULL, NULL),
(413, 197, 14, 1, 5.49, 'Entregue', NULL, NULL, '2022-11-30 19:29:46', NULL, NULL),
(414, 193, 23, 1, 11.99, 'Entregue', NULL, NULL, '2023-11-01 20:26:39', NULL, NULL),
(415, 41, 9, 1, 10.99, 'Entregue', NULL, NULL, '2022-11-21 21:30:17', NULL, NULL),
(416, 27, 42, 1, 4.99, 'Entregue', NULL, NULL, '2023-04-11 21:50:59', NULL, NULL),
(417, 40, 48, 6, 4.99, 'Entregue', NULL, NULL, '2023-01-07 23:33:04', NULL, NULL),
(418, 151, 15, 1, 7.99, 'Entregue', NULL, NULL, '2022-11-24 22:52:53', NULL, NULL),
(419, 53, 52, 1, 6.99, 'Entregue', NULL, NULL, '2023-01-03 20:36:07', NULL, NULL),
(420, 34, 20, 1, 5.99, 'Entregue', NULL, NULL, '2023-01-17 22:33:51', NULL, NULL),
(421, 42, 25, 1, 5.99, 'Entregue', NULL, NULL, '2023-05-08 19:27:02', NULL, NULL),
(422, 39, 28, 1, 11.99, 'Entregue', NULL, NULL, '2023-08-18 21:07:09', NULL, NULL),
(423, 171, 18, 3, 5.99, 'Entregue', NULL, NULL, '2023-09-12 22:23:56', NULL, NULL),
(424, 187, 40, 8, 4.49, 'Entregue', NULL, NULL, '2022-11-16 21:05:29', NULL, NULL),
(425, 147, 43, 1, 6.99, 'Entregue', NULL, NULL, '2023-10-22 20:36:45', NULL, NULL),
(426, 136, 47, 1, 11.99, 'Entregue', NULL, NULL, '2023-07-02 21:34:57', NULL, NULL),
(427, 122, 45, 1, 4.99, 'Entregue', NULL, NULL, '2023-06-12 21:12:45', NULL, NULL),
(428, 75, 37, 1, 2.5, 'Entregue', NULL, NULL, '2023-09-01 22:37:38', NULL, NULL),
(429, 101, 30, 1, 7.99, 'Entregue', NULL, NULL, '2023-09-26 00:36:26', NULL, NULL),
(430, 184, 33, 1, 5.99, 'Entregue', NULL, NULL, '2022-11-21 22:22:23', NULL, NULL),
(431, 7, 34, 1, 7.99, 'Entregue', NULL, NULL, '2022-11-04 22:12:14', NULL, NULL),
(432, 181, 19, 2, 3.5, 'Entregue', NULL, NULL, '2023-05-24 00:00:34', NULL, NULL),
(433, 126, 42, 1, 4.99, 'Entregue', NULL, NULL, '2023-07-24 20:41:49', NULL, NULL),
(434, 177, 18, 9, 5.99, 'Entregue', NULL, NULL, '2022-12-18 21:53:16', NULL, NULL),
(435, 174, 32, 3, 11.99, 'Entregue', NULL, NULL, '2023-08-19 20:24:43', NULL, NULL),
(436, 134, 40, 1, 4.49, 'Entregue', NULL, NULL, '2023-08-02 00:17:11', NULL, NULL),
(437, 92, 21, 9, 7.99, 'Entregue', NULL, NULL, '2023-10-13 20:50:35', NULL, NULL),
(438, 77, 24, 1, 3, 'Entregue', NULL, NULL, '2023-09-21 20:45:55', NULL, NULL),
(439, 77, 13, 1, 6.99, 'Entregue', NULL, NULL, '2023-09-21 20:24:55', NULL, NULL),
(440, 135, 38, 1, 2, 'Entregue', NULL, NULL, '2023-05-10 19:26:48', NULL, NULL),
(441, 74, 51, 1, 4.99, 'Entregue', NULL, NULL, '2022-12-02 22:15:12', NULL, NULL),
(442, 4, 19, 1, 3.5, 'Entregue', NULL, NULL, '2023-02-26 23:20:57', NULL, NULL),
(443, 50, 25, 1, 5.99, 'Entregue', NULL, NULL, '2023-10-18 22:13:41', NULL, NULL),
(444, 74, 31, 1, 9.99, 'Entregue', NULL, NULL, '2022-12-02 21:02:12', NULL, NULL),
(445, 2, 32, 1, 11.99, 'Entregue', NULL, NULL, '2022-12-22 21:29:20', NULL, NULL),
(446, 19, 16, 5, 8.99, 'Entregue', NULL, NULL, '2022-12-07 21:03:24', NULL, NULL),
(447, 171, 43, 10, 6.99, 'Entregue', NULL, NULL, '2023-09-12 21:46:56', NULL, NULL),
(448, 3, 9, 1, 10.99, 'Entregue', NULL, NULL, '2023-09-25 20:45:09', NULL, NULL),
(449, 65, 4, 1, 7.99, 'Entregue', NULL, NULL, '2022-12-10 21:50:55', NULL, NULL),
(450, 84, 14, 1, 5.49, 'Entregue', NULL, NULL, '2023-04-23 21:42:30', NULL, NULL),
(451, 45, 36, 2, 11.99, 'Entregue', NULL, NULL, '2023-10-21 22:51:23', NULL, NULL),
(452, 129, 47, 1, 11.99, 'Entregue', NULL, NULL, '2023-04-06 21:09:52', NULL, NULL),
(453, 123, 27, 1, 9.99, 'Entregue', NULL, NULL, '2022-11-28 21:43:05', NULL, NULL),
(454, 125, 14, 1, 5.49, 'Entregue', NULL, NULL, '2023-03-14 22:50:45', NULL, NULL),
(455, 41, 14, 1, 5.49, 'Entregue', NULL, NULL, '2022-11-21 21:41:17', NULL, NULL),
(456, 96, 42, 1, 4.99, 'Entregue', NULL, NULL, '2023-05-19 21:49:58', NULL, NULL),
(457, 65, 6, 1, 11.99, 'Entregue', NULL, NULL, '2022-12-10 21:33:55', NULL, NULL),
(458, 197, 20, 1, 5.99, 'Entregue', NULL, NULL, '2022-11-30 19:43:46', NULL, NULL),
(459, 37, 9, 1, 10.99, 'Entregue', NULL, NULL, '2023-07-10 20:17:17', NULL, NULL),
(460, 173, 46, 5, 6.99, 'Entregue', NULL, NULL, '2023-06-22 23:23:51', NULL, NULL),
(461, 184, 34, 1, 7.99, 'Entregue', NULL, NULL, '2022-11-21 22:09:23', NULL, NULL),
(462, 184, 25, 1, 5.99, 'Entregue', NULL, NULL, '2022-11-21 22:26:23', NULL, NULL),
(463, 86, 48, 1, 4.99, 'Entregue', NULL, NULL, '2022-12-23 20:35:05', NULL, NULL),
(464, 86, 38, 9, 2, 'Entregue', NULL, NULL, '2022-12-23 20:44:05', NULL, NULL),
(465, 168, 53, 1, 11.99, 'Entregue', NULL, NULL, '2022-12-18 20:53:43', NULL, NULL),
(466, 151, 5, 2, 8.49, 'Entregue', NULL, NULL, '2022-11-24 22:09:53', NULL, NULL),
(467, 143, 15, 6, 7.99, 'Entregue', NULL, NULL, '2023-09-10 21:15:10', NULL, NULL),
(468, 141, 20, 1, 5.99, 'Entregue', NULL, NULL, '2023-09-26 23:57:17', NULL, NULL),
(469, 10, 13, 1, 6.99, 'Entregue', NULL, NULL, '2022-12-14 20:26:32', NULL, NULL),
(470, 190, 6, 1, 11.99, 'Entregue', NULL, NULL, '2023-02-26 21:41:57', NULL, NULL),
(471, 2, 2, 1, 10.99, 'Entregue', NULL, NULL, '2022-12-22 22:10:20', NULL, NULL),
(472, 47, 46, 3, 6.99, 'Entregue', NULL, NULL, '2023-06-20 22:05:07', NULL, NULL),
(473, 71, 24, 1, 3, 'Entregue', NULL, NULL, '2023-08-16 21:53:59', NULL, NULL),
(474, 179, 7, 7, 9.49, 'Entregue', NULL, NULL, '2023-05-14 22:41:00', NULL, NULL),
(475, 101, 22, 1, 9.99, 'Entregue', NULL, NULL, '2023-09-25 23:00:26', NULL, NULL),
(476, 68, 37, 1, 2.5, 'Entregue', NULL, NULL, '2023-06-11 21:09:13', NULL, NULL),
(477, 122, 35, 1, 9.99, 'Entregue', NULL, NULL, '2023-06-12 22:52:45', NULL, NULL),
(478, 50, 49, 1, 6.99, 'Entregue', NULL, NULL, '2023-10-18 22:16:41', NULL, NULL),
(479, 42, 10, 5, 8.49, 'Entregue', NULL, NULL, '2023-05-08 20:52:02', NULL, NULL),
(480, 73, 47, 1, 11.99, 'Entregue', NULL, NULL, '2022-12-29 22:25:33', NULL, NULL),
(481, 121, 38, 1, 2, 'Entregue', NULL, NULL, '2022-11-25 22:26:13', NULL, NULL),
(482, 128, 39, 2, 3, 'Entregue', NULL, NULL, '2023-09-30 22:13:33', NULL, NULL),
(483, 31, 13, 3, 6.99, 'Entregue', NULL, NULL, '2023-05-14 22:51:08', NULL, NULL),
(484, 84, 6, 1, 11.99, 'Entregue', NULL, NULL, '2023-04-23 20:33:30', NULL, NULL),
(485, 99, 2, 2, 10.99, 'Entregue', NULL, NULL, '2023-06-09 20:51:55', NULL, NULL),
(486, 167, 36, 1, 11.99, 'Entregue', NULL, NULL, '2023-01-09 20:22:08', NULL, NULL),
(487, 198, 52, 4, 6.99, 'Entregue', NULL, NULL, '2023-07-31 20:24:30', NULL, NULL),
(488, 95, 30, 1, 7.99, 'Entregue', NULL, NULL, '2023-02-27 19:58:21', NULL, NULL),
(489, 87, 13, 1, 6.99, 'Entregue', NULL, NULL, '2023-09-28 22:43:55', NULL, NULL),
(490, 134, 14, 1, 5.49, 'Entregue', NULL, NULL, '2023-08-02 00:49:11', NULL, NULL),
(491, 90, 13, 1, 6.99, 'Entregue', NULL, NULL, '2023-05-22 21:57:32', NULL, NULL),
(492, 160, 42, 1, 4.99, 'Entregue', NULL, NULL, '2023-01-29 22:03:54', NULL, NULL),
(493, 122, 36, 1, 11.99, 'Entregue', NULL, NULL, '2023-06-12 22:22:45', NULL, NULL),
(494, 153, 5, 1, 8.49, 'Entregue', NULL, NULL, '2023-01-30 21:34:57', NULL, NULL),
(495, 29, 50, 1, 11.99, 'Entregue', NULL, NULL, '2022-12-10 20:32:32', NULL, NULL),
(496, 49, 46, 1, 6.99, 'Entregue', NULL, NULL, '2023-07-30 21:26:56', NULL, NULL),
(497, 77, 32, 1, 11.99, 'Entregue', NULL, NULL, '2023-09-21 21:41:55', NULL, NULL),
(498, 85, 35, 1, 9.99, 'Entregue', NULL, NULL, '2023-07-27 21:49:14', NULL, NULL),
(499, 89, 33, 9, 5.99, 'Entregue', NULL, NULL, '2022-11-26 20:13:43', NULL, NULL),
(500, 103, 23, 7, 11.99, 'Entregue', NULL, NULL, '2023-09-15 21:20:42', NULL, NULL),
(501, 166, 2, 1, 10.99, 'Entregue', NULL, NULL, '2023-05-06 21:35:21', NULL, NULL),
(502, 106, 29, 1, 5.99, 'Entregue', NULL, NULL, '2023-05-22 20:36:40', NULL, NULL),
(503, 110, 12, 1, 7.99, 'Entregue', NULL, NULL, '2023-02-25 19:10:34', NULL, NULL),
(504, 78, 35, 1, 9.99, 'Entregue', NULL, NULL, '2023-09-08 21:09:47', NULL, NULL),
(505, 148, 37, 8, 2.5, 'Entregue', NULL, NULL, '2023-01-31 22:56:30', NULL, NULL),
(506, 140, 50, 1, 11.99, 'Entregue', NULL, NULL, '2023-09-20 19:43:21', NULL, NULL),
(507, 28, 17, 1, 6.49, 'Entregue', NULL, NULL, '2023-02-25 20:56:33', NULL, NULL),
(508, 64, 38, 1, 2, 'Entregue', NULL, NULL, '2022-12-27 20:28:38', NULL, NULL),
(509, 141, 31, 5, 9.99, 'Entregue', NULL, NULL, '2023-09-27 00:31:17', NULL, NULL),
(510, 48, 30, 8, 7.99, 'Entregue', NULL, NULL, '2023-10-17 22:34:36', NULL, NULL),
(511, 192, 5, 1, 8.49, 'Entregue', NULL, NULL, '2023-03-26 20:10:24', NULL, NULL),
(512, 26, 18, 7, 5.99, 'Entregue', NULL, NULL, '2023-10-28 20:56:58', NULL, NULL),
(513, 189, 6, 1, 11.99, 'Entregue', NULL, NULL, '2023-01-13 22:51:24', NULL, NULL),
(514, 7, 38, 1, 2, 'Entregue', NULL, NULL, '2022-11-04 21:17:14', NULL, NULL),
(515, 126, 37, 1, 2.5, 'Entregue', NULL, NULL, '2023-07-24 22:00:49', NULL, NULL),
(516, 4, 38, 1, 2, 'Entregue', NULL, NULL, '2023-02-26 22:16:57', NULL, NULL),
(517, 195, 8, 1, 12.99, 'Entregue', NULL, NULL, '2022-11-10 22:30:38', NULL, NULL),
(518, 118, 31, 1, 9.99, 'Entregue', NULL, NULL, '2023-03-05 23:39:26', NULL, NULL),
(519, 23, 6, 1, 11.99, 'Entregue', NULL, NULL, '2023-10-20 23:10:59', NULL, NULL),
(520, 186, 16, 1, 8.99, 'Entregue', NULL, NULL, '2023-02-04 23:02:49', NULL, NULL),
(521, 70, 1, 1, 9.99, 'Entregue', NULL, NULL, '2023-09-17 20:46:50', NULL, NULL),
(522, 112, 53, 1, 11.99, 'Entregue', NULL, NULL, '2023-08-07 21:47:54', NULL, NULL),
(523, 59, 34, 1, 7.99, 'Entregue', NULL, NULL, '2023-03-25 21:13:54', NULL, NULL),
(524, 86, 2, 1, 10.99, 'Entregue', NULL, NULL, '2022-12-23 21:29:05', NULL, NULL),
(525, 86, 39, 1, 3, 'Entregue', NULL, NULL, '2022-12-23 20:22:05', NULL, NULL),
(526, 10, 24, 7, 3, 'Entregue', NULL, NULL, '2022-12-14 22:01:32', NULL, NULL),
(527, 80, 47, 10, 11.99, 'Entregue', NULL, NULL, '2022-12-19 22:33:44', NULL, NULL),
(528, 54, 29, 10, 5.99, 'Entregue', NULL, NULL, '2023-01-13 20:27:05', NULL, NULL),
(529, 83, 49, 7, 6.99, 'Entregue', NULL, NULL, '2023-01-21 22:44:09', NULL, NULL),
(530, 168, 9, 1, 10.99, 'Entregue', NULL, NULL, '2022-12-18 21:55:43', NULL, NULL),
(531, 137, 38, 2, 2, 'Entregue', NULL, NULL, '2023-05-18 22:28:26', NULL, NULL),
(532, 72, 26, 4, 7.99, 'Entregue', NULL, NULL, '2023-05-05 20:50:48', NULL, NULL),
(533, 30, 38, 1, 2, 'Entregue', NULL, NULL, '2023-04-18 22:18:27', NULL, NULL),
(534, 127, 43, 1, 6.99, 'Entregue', NULL, NULL, '2023-03-27 21:05:24', NULL, NULL),
(535, 176, 12, 1, 7.99, 'Entregue', NULL, NULL, '2023-04-25 22:08:13', NULL, NULL),
(536, 158, 32, 6, 11.99, 'Entregue', NULL, NULL, '2023-02-18 21:24:03', NULL, NULL),
(537, 190, 51, 1, 4.99, 'Entregue', NULL, NULL, '2023-02-26 21:26:57', NULL, NULL),
(538, 140, 7, 1, 9.49, 'Entregue', NULL, NULL, '2023-09-20 19:54:21', NULL, NULL),
(539, 160, 13, 1, 6.99, 'Entregue', NULL, NULL, '2023-01-29 22:32:54', NULL, NULL),
(540, 83, 17, 10, 6.49, 'Entregue', NULL, NULL, '2023-01-21 22:13:09', NULL, NULL),
(541, 184, 37, 1, 2.5, 'Entregue', NULL, NULL, '2022-11-21 21:55:23', NULL, NULL),
(542, 145, 7, 1, 9.49, 'Entregue', NULL, NULL, '2023-01-08 22:35:39', NULL, NULL),
(543, 126, 53, 1, 11.99, 'Entregue', NULL, NULL, '2023-07-24 20:52:49', NULL, NULL),
(544, 70, 2, 1, 10.99, 'Entregue', NULL, NULL, '2023-09-17 20:53:50', NULL, NULL),
(545, 136, 6, 8, 11.99, 'Entregue', NULL, NULL, '2023-07-02 20:58:57', NULL, NULL),
(546, 77, 31, 1, 9.99, 'Entregue', NULL, NULL, '2023-09-21 20:10:55', NULL, NULL),
(547, 99, 25, 1, 5.99, 'Entregue', NULL, NULL, '2023-06-09 21:48:55', NULL, NULL),
(548, 81, 25, 7, 5.99, 'Entregue', NULL, NULL, '2022-12-25 21:37:02', NULL, NULL),
(549, 8, 48, 1, 4.99, 'Entregue', NULL, NULL, '2023-08-22 21:34:55', NULL, NULL),
(550, 97, 41, 1, 4.49, 'Entregue', NULL, NULL, '2023-05-28 21:18:02', NULL, NULL),
(551, 99, 14, 1, 5.49, 'Entregue', NULL, NULL, '2023-06-09 22:00:55', NULL, NULL),
(552, 3, 34, 1, 7.99, 'Entregue', NULL, NULL, '2023-09-25 21:36:09', NULL, NULL),
(553, 75, 41, 1, 4.49, 'Entregue', NULL, NULL, '2023-09-01 23:01:38', NULL, NULL),
(554, 78, 22, 1, 9.99, 'Entregue', NULL, NULL, '2023-09-08 20:33:47', NULL, NULL),
(555, 95, 52, 1, 6.99, 'Entregue', NULL, NULL, '2023-02-27 20:01:21', NULL, NULL),
(556, 4, 48, 8, 4.99, 'Entregue', NULL, NULL, '2023-02-26 23:35:57', NULL, NULL),
(557, 83, 14, 7, 5.49, 'Entregue', NULL, NULL, '2023-01-21 22:28:09', NULL, NULL),
(558, 140, 25, 4, 5.99, 'Entregue', NULL, NULL, '2023-09-20 20:25:21', NULL, NULL),
(559, 67, 32, 1, 11.99, 'Entregue', NULL, NULL, '2023-06-16 20:13:11', NULL, NULL),
(560, 137, 24, 1, 3, 'Entregue', NULL, NULL, '2023-05-18 21:01:26', NULL, NULL),
(561, 14, 36, 1, 11.99, 'Entregue', NULL, NULL, '2023-07-22 20:44:04', NULL, NULL),
(562, 144, 47, 1, 11.99, 'Entregue', NULL, NULL, '2023-08-25 22:05:35', NULL, NULL),
(563, 27, 26, 1, 7.99, 'Entregue', NULL, NULL, '2023-04-11 22:57:59', NULL, NULL),
(564, 126, 19, 1, 3.5, 'Entregue', NULL, NULL, '2023-07-24 20:26:49', NULL, NULL),
(565, 105, 38, 1, 2, 'Entregue', NULL, NULL, '2023-07-30 21:20:29', NULL, NULL),
(566, 115, 39, 1, 3, 'Entregue', NULL, NULL, '2022-12-10 22:26:36', NULL, NULL),
(567, 192, 51, 1, 4.99, 'Entregue', NULL, NULL, '2023-03-26 20:10:24', NULL, NULL),
(568, 116, 42, 1, 4.99, 'Entregue', NULL, NULL, '2023-01-25 21:42:04', NULL, NULL),
(569, 188, 27, 1, 9.99, 'Entregue', NULL, NULL, '2023-10-22 21:29:44', NULL, NULL),
(570, 57, 37, 1, 2.5, 'Entregue', NULL, NULL, '2023-02-06 20:03:51', NULL, NULL),
(571, 150, 48, 1, 4.99, 'Entregue', NULL, NULL, '2023-03-02 23:15:43', NULL, NULL),
(572, 6, 41, 7, 4.49, 'Entregue', NULL, NULL, '2023-10-24 01:36:55', NULL, NULL),
(573, 49, 52, 8, 6.99, 'Entregue', NULL, NULL, '2023-07-30 21:07:56', NULL, NULL),
(574, 69, 8, 1, 12.99, 'Entregue', NULL, NULL, '2023-04-10 19:57:19', NULL, NULL),
(575, 120, 12, 1, 7.99, 'Entregue', NULL, NULL, '2023-10-03 23:05:27', NULL, NULL),
(576, 92, 15, 2, 7.99, 'Entregue', NULL, NULL, '2023-10-13 22:00:35', NULL, NULL),
(577, 19, 3, 1, 8.99, 'Entregue', NULL, NULL, '2022-12-07 21:25:24', NULL, NULL),
(578, 14, 36, 8, 11.99, 'Entregue', NULL, NULL, '2023-07-22 20:30:04', NULL, NULL),
(579, 81, 38, 1, 2, 'Entregue', NULL, NULL, '2022-12-25 20:02:02', NULL, NULL),
(580, 58, 30, 8, 7.99, 'Entregue', NULL, NULL, '2023-04-03 20:19:35', NULL, NULL),
(581, 40, 32, 1, 11.99, 'Entregue', NULL, NULL, '2023-01-07 22:46:04', NULL, NULL),
(582, 128, 32, 1, 11.99, 'Entregue', NULL, NULL, '2023-09-30 21:53:33', NULL, NULL),
(583, 70, 21, 6, 7.99, 'Entregue', NULL, NULL, '2023-09-17 21:44:50', NULL, NULL),
(584, 190, 47, 1, 11.99, 'Entregue', NULL, NULL, '2023-02-26 21:35:57', NULL, NULL),
(585, 104, 26, 1, 7.99, 'Entregue', NULL, NULL, '2023-03-10 21:50:59', NULL, NULL),
(586, 68, 46, 1, 6.99, 'Entregue', NULL, NULL, '2023-06-11 21:12:13', NULL, NULL),
(587, 34, 30, 3, 7.99, 'Entregue', NULL, NULL, '2023-01-17 22:41:51', NULL, NULL),
(588, 50, 13, 3, 6.99, 'Entregue', NULL, NULL, '2023-10-18 20:33:41', NULL, NULL),
(589, 57, 41, 1, 4.49, 'Entregue', NULL, NULL, '2023-02-06 20:18:51', NULL, NULL),
(590, 38, 36, 5, 11.99, 'Entregue', NULL, NULL, '2023-08-16 20:13:07', NULL, NULL),
(591, 80, 42, 1, 4.99, 'Entregue', NULL, NULL, '2022-12-19 22:10:44', NULL, NULL),
(592, 65, 3, 1, 8.99, 'Entregue', NULL, NULL, '2022-12-10 22:18:55', NULL, NULL),
(593, 111, 26, 1, 7.99, 'Entregue', NULL, NULL, '2022-12-03 22:52:02', NULL, NULL),
(594, 187, 50, 5, 11.99, 'Entregue', NULL, NULL, '2022-11-16 20:24:29', NULL, NULL),
(595, 52, 43, 1, 6.99, 'Entregue', NULL, NULL, '2023-01-12 20:28:49', NULL, NULL),
(596, 25, 24, 10, 3, 'Entregue', NULL, NULL, '2023-03-23 21:35:56', NULL, NULL),
(597, 112, 37, 1, 2.5, 'Entregue', NULL, NULL, '2023-08-07 21:16:54', NULL, NULL),
(598, 57, 21, 1, 7.99, 'Entregue', NULL, NULL, '2023-02-06 20:16:51', NULL, NULL),
(599, 155, 7, 1, 9.49, 'Entregue', NULL, NULL, '2023-03-03 23:44:02', NULL, NULL),
(600, 198, 33, 1, 5.99, 'Entregue', NULL, NULL, '2023-07-31 20:37:30', NULL, NULL),
(601, 181, 33, 6, 5.99, 'Entregue', NULL, NULL, '2023-05-24 00:26:34', NULL, NULL),
(602, 164, 42, 1, 4.99, 'Entregue', NULL, NULL, '2023-03-24 22:24:25', NULL, NULL),
(603, 133, 42, 9, 4.99, 'Entregue', NULL, NULL, '2023-08-10 20:09:55', NULL, NULL),
(604, 145, 45, 6, 4.99, 'Entregue', NULL, NULL, '2023-01-08 23:00:39', NULL, NULL),
(605, 29, 36, 1, 11.99, 'Entregue', NULL, NULL, '2022-12-10 21:00:32', NULL, NULL),
(606, 76, 38, 1, 2, 'Entregue', NULL, NULL, '2023-05-07 21:54:51', NULL, NULL),
(607, 160, 52, 1, 6.99, 'Entregue', NULL, NULL, '2023-01-29 21:06:54', NULL, NULL),
(608, 81, 47, 1, 11.99, 'Entregue', NULL, NULL, '2022-12-25 21:52:02', NULL, NULL),
(609, 47, 37, 1, 2.5, 'Entregue', NULL, NULL, '2023-06-20 21:49:07', NULL, NULL),
(610, 196, 20, 1, 5.99, 'Entregue', NULL, NULL, '2023-03-21 20:25:56', NULL, NULL),
(611, 177, 28, 1, 11.99, 'Entregue', NULL, NULL, '2022-12-18 22:13:16', NULL, NULL),
(612, 190, 42, 8, 4.99, 'Entregue', NULL, NULL, '2023-02-26 22:57:57', NULL, NULL),
(613, 35, 33, 1, 5.99, 'Entregue', NULL, NULL, '2023-06-17 01:10:27', NULL, NULL),
(614, 84, 41, 1, 4.49, 'Entregue', NULL, NULL, '2023-04-23 20:32:30', NULL, NULL);
INSERT INTO `pedidos` (`id`, `atendimentos_id`, `produtos_id`, `quantidade`, `valor_un`, `situacao`, `saida_data`, `entrega_data`, `criacao_data`, `alteracao_data`, `exclusao_data`) VALUES
(615, 144, 3, 1, 8.99, 'Entregue', NULL, NULL, '2023-08-25 22:27:35', NULL, NULL),
(616, 97, 42, 1, 4.99, 'Entregue', NULL, NULL, '2023-05-28 21:47:02', NULL, NULL),
(617, 127, 34, 1, 7.99, 'Entregue', NULL, NULL, '2023-03-27 20:32:24', NULL, NULL),
(618, 112, 17, 1, 6.49, 'Entregue', NULL, NULL, '2023-08-07 22:25:54', NULL, NULL),
(619, 177, 52, 1, 6.99, 'Entregue', NULL, NULL, '2022-12-18 22:56:16', NULL, NULL),
(620, 178, 27, 1, 9.99, 'Entregue', NULL, NULL, '2023-01-28 21:21:43', NULL, NULL),
(621, 23, 47, 1, 11.99, 'Entregue', NULL, NULL, '2023-10-20 22:21:59', NULL, NULL),
(622, 143, 27, 5, 9.99, 'Entregue', NULL, NULL, '2023-09-10 20:27:10', NULL, NULL),
(623, 76, 10, 1, 8.49, 'Entregue', NULL, NULL, '2023-05-07 21:24:51', NULL, NULL),
(624, 141, 14, 1, 5.49, 'Entregue', NULL, NULL, '2023-09-26 23:01:17', NULL, NULL),
(625, 108, 45, 4, 4.99, 'Entregue', NULL, NULL, '2023-05-03 22:17:03', NULL, NULL),
(626, 13, 52, 1, 6.99, 'Entregue', NULL, NULL, '2022-11-11 20:02:17', NULL, NULL),
(627, 44, 17, 1, 6.49, 'Entregue', NULL, NULL, '2023-03-04 22:25:01', NULL, NULL),
(628, 132, 48, 1, 4.99, 'Entregue', NULL, NULL, '2022-12-09 00:18:50', NULL, NULL),
(629, 198, 49, 1, 6.99, 'Entregue', NULL, NULL, '2023-07-31 19:49:30', NULL, NULL),
(630, 156, 39, 1, 3, 'Entregue', NULL, NULL, '2023-07-20 22:39:12', NULL, NULL),
(631, 162, 52, 1, 6.99, 'Entregue', NULL, NULL, '2023-05-14 21:26:05', NULL, NULL),
(632, 95, 14, 1, 5.49, 'Entregue', NULL, NULL, '2023-02-27 21:44:21', NULL, NULL),
(633, 192, 17, 1, 6.49, 'Entregue', NULL, NULL, '2023-03-26 20:38:24', NULL, NULL),
(634, 50, 10, 1, 8.49, 'Entregue', NULL, NULL, '2023-10-18 21:36:41', NULL, NULL),
(635, 156, 5, 1, 8.49, 'Entregue', NULL, NULL, '2023-07-20 22:17:12', NULL, NULL),
(636, 182, 34, 1, 7.99, 'Entregue', NULL, NULL, '2023-03-19 20:00:26', NULL, NULL),
(637, 141, 48, 1, 4.99, 'Entregue', NULL, NULL, '2023-09-26 22:51:17', NULL, NULL),
(638, 182, 43, 1, 6.99, 'Entregue', NULL, NULL, '2023-03-19 20:25:26', NULL, NULL),
(639, 74, 7, 1, 9.49, 'Entregue', NULL, NULL, '2022-12-02 21:23:12', NULL, NULL),
(640, 95, 33, 1, 5.99, 'Entregue', NULL, NULL, '2023-02-27 20:27:21', NULL, NULL),
(641, 26, 17, 1, 6.49, 'Entregue', NULL, NULL, '2023-10-28 21:49:58', NULL, NULL),
(642, 193, 42, 1, 4.99, 'Entregue', NULL, NULL, '2023-11-01 20:33:39', NULL, NULL),
(643, 144, 44, 1, 11.99, 'Entregue', NULL, NULL, '2023-08-25 22:16:35', NULL, NULL),
(644, 50, 38, 1, 2, 'Entregue', NULL, NULL, '2023-10-18 21:42:41', NULL, NULL),
(645, 79, 49, 1, 6.99, 'Entregue', NULL, NULL, '2023-10-20 21:33:51', NULL, NULL),
(646, 38, 6, 1, 11.99, 'Entregue', NULL, NULL, '2023-08-16 20:35:07', NULL, NULL),
(647, 81, 11, 1, 11.99, 'Entregue', NULL, NULL, '2022-12-25 21:51:02', NULL, NULL),
(648, 108, 37, 1, 2.5, 'Entregue', NULL, NULL, '2023-05-03 23:03:03', NULL, NULL),
(649, 182, 17, 1, 6.49, 'Entregue', NULL, NULL, '2023-03-19 19:25:26', NULL, NULL),
(650, 152, 15, 1, 7.99, 'Entregue', NULL, NULL, '2023-09-24 20:25:14', NULL, NULL),
(651, 163, 22, 7, 9.99, 'Entregue', NULL, NULL, '2023-01-28 21:18:50', NULL, NULL),
(652, 89, 19, 9, 3.5, 'Entregue', NULL, NULL, '2022-11-26 20:08:43', NULL, NULL),
(653, 48, 36, 1, 11.99, 'Entregue', NULL, NULL, '2023-10-17 23:32:36', NULL, NULL),
(654, 25, 13, 1, 6.99, 'Entregue', NULL, NULL, '2023-03-23 21:05:56', NULL, NULL),
(655, 1, 25, 7, 5.99, 'Entregue', NULL, NULL, '2023-05-23 20:33:28', NULL, NULL),
(656, 109, 42, 1, 4.99, 'Entregue', NULL, NULL, '2023-10-15 21:31:36', NULL, NULL),
(657, 33, 12, 1, 7.99, 'Entregue', NULL, NULL, '2023-10-23 22:35:34', NULL, NULL),
(658, 37, 41, 3, 4.49, 'Entregue', NULL, NULL, '2023-07-10 21:01:17', NULL, NULL),
(659, 200, 9, 1, 10.99, 'Entregue', NULL, NULL, '2023-04-01 23:04:39', NULL, NULL),
(660, 106, 7, 8, 9.49, 'Entregue', NULL, NULL, '2023-05-22 20:31:40', NULL, NULL),
(661, 66, 46, 1, 6.99, 'Entregue', NULL, NULL, '2023-01-18 20:52:38', NULL, NULL),
(662, 160, 9, 1, 10.99, 'Entregue', NULL, NULL, '2023-01-29 22:41:54', NULL, NULL),
(663, 180, 34, 7, 7.99, 'Entregue', NULL, NULL, '2023-10-07 22:04:04', NULL, NULL),
(664, 106, 41, 1, 4.49, 'Entregue', NULL, NULL, '2023-05-22 22:07:40', NULL, NULL),
(665, 104, 38, 7, 2, 'Entregue', NULL, NULL, '2023-03-10 22:22:59', NULL, NULL),
(666, 124, 35, 1, 9.99, 'Entregue', NULL, NULL, '2022-12-20 20:34:14', NULL, NULL),
(667, 127, 7, 8, 9.49, 'Entregue', NULL, NULL, '2023-03-27 20:56:24', NULL, NULL),
(668, 88, 53, 1, 11.99, 'Entregue', NULL, NULL, '2023-02-20 22:31:15', NULL, NULL),
(669, 71, 35, 3, 9.99, 'Entregue', NULL, NULL, '2023-08-16 23:31:59', NULL, NULL),
(670, 176, 26, 6, 7.99, 'Entregue', NULL, NULL, '2023-04-25 23:35:13', NULL, NULL),
(671, 32, 8, 1, 12.99, 'Entregue', NULL, NULL, '2023-05-21 22:36:13', NULL, NULL),
(672, 32, 15, 1, 7.99, 'Entregue', NULL, NULL, '2023-05-21 22:35:13', NULL, NULL),
(673, 145, 41, 1, 4.49, 'Entregue', NULL, NULL, '2023-01-08 22:42:39', NULL, NULL),
(674, 41, 13, 1, 6.99, 'Entregue', NULL, NULL, '2022-11-21 20:31:17', NULL, NULL),
(675, 27, 23, 1, 11.99, 'Entregue', NULL, NULL, '2023-04-11 22:36:59', NULL, NULL),
(676, 178, 49, 1, 6.99, 'Entregue', NULL, NULL, '2023-01-28 21:16:43', NULL, NULL),
(677, 97, 35, 1, 9.99, 'Entregue', NULL, NULL, '2023-05-28 21:23:02', NULL, NULL),
(678, 101, 41, 1, 4.49, 'Entregue', NULL, NULL, '2023-09-25 23:16:26', NULL, NULL),
(679, 12, 50, 10, 11.99, 'Entregue', NULL, NULL, '2023-05-07 21:23:27', NULL, NULL),
(680, 98, 2, 1, 10.99, 'Entregue', NULL, NULL, '2023-02-17 21:58:06', NULL, NULL),
(681, 49, 34, 1, 7.99, 'Entregue', NULL, NULL, '2023-07-30 20:29:56', NULL, NULL),
(682, 86, 33, 1, 5.99, 'Entregue', NULL, NULL, '2022-12-23 20:46:05', NULL, NULL),
(683, 151, 23, 1, 11.99, 'Entregue', NULL, NULL, '2022-11-24 21:59:53', NULL, NULL),
(684, 156, 39, 1, 3, 'Entregue', NULL, NULL, '2023-07-20 23:40:12', NULL, NULL),
(685, 130, 52, 8, 6.99, 'Entregue', NULL, NULL, '2023-06-26 22:01:20', NULL, NULL),
(686, 14, 52, 1, 6.99, 'Entregue', NULL, NULL, '2023-07-22 21:52:04', NULL, NULL),
(687, 22, 42, 1, 4.99, 'Entregue', NULL, NULL, '2023-06-23 22:06:13', NULL, NULL),
(688, 140, 47, 1, 11.99, 'Entregue', NULL, NULL, '2023-09-20 20:57:21', NULL, NULL),
(689, 159, 17, 1, 6.49, 'Entregue', NULL, NULL, '2023-06-20 20:13:07', NULL, NULL),
(690, 73, 46, 4, 6.99, 'Entregue', NULL, NULL, '2022-12-29 23:01:33', NULL, NULL),
(691, 68, 28, 1, 11.99, 'Entregue', NULL, NULL, '2023-06-11 19:44:13', NULL, NULL),
(692, 152, 40, 1, 4.49, 'Entregue', NULL, NULL, '2023-09-24 21:16:14', NULL, NULL),
(693, 164, 17, 1, 6.49, 'Entregue', NULL, NULL, '2023-03-24 22:25:25', NULL, NULL),
(694, 110, 13, 1, 6.99, 'Entregue', NULL, NULL, '2023-02-25 20:56:34', NULL, NULL),
(695, 21, 5, 1, 8.49, 'Entregue', NULL, NULL, '2023-07-18 23:00:18', NULL, NULL),
(696, 7, 37, 2, 2.5, 'Entregue', NULL, NULL, '2022-11-04 21:19:14', NULL, NULL),
(697, 12, 22, 1, 9.99, 'Entregue', NULL, NULL, '2023-05-07 21:25:27', NULL, NULL),
(698, 138, 32, 1, 11.99, 'Entregue', NULL, NULL, '2023-09-21 22:00:33', NULL, NULL),
(699, 38, 30, 1, 7.99, 'Entregue', NULL, NULL, '2023-08-16 20:48:07', NULL, NULL),
(700, 65, 42, 1, 4.99, 'Entregue', NULL, NULL, '2022-12-10 21:50:55', NULL, NULL),
(701, 160, 4, 4, 7.99, 'Entregue', NULL, NULL, '2023-01-29 22:49:54', NULL, NULL),
(702, 179, 15, 1, 7.99, 'Entregue', NULL, NULL, '2023-05-14 22:05:00', NULL, NULL),
(703, 78, 18, 1, 5.99, 'Entregue', NULL, NULL, '2023-09-08 20:09:47', NULL, NULL),
(704, 71, 27, 1, 9.99, 'Entregue', NULL, NULL, '2023-08-16 23:45:59', NULL, NULL),
(705, 172, 41, 1, 4.49, 'Entregue', NULL, NULL, '2023-04-22 22:58:14', NULL, NULL),
(706, 74, 34, 1, 7.99, 'Entregue', NULL, NULL, '2022-12-02 21:58:12', NULL, NULL),
(707, 160, 45, 1, 4.99, 'Entregue', NULL, NULL, '2023-01-29 21:36:54', NULL, NULL),
(708, 146, 15, 1, 7.99, 'Entregue', NULL, NULL, '2023-03-25 22:02:17', NULL, NULL),
(709, 85, 17, 3, 6.49, 'Entregue', NULL, NULL, '2023-07-27 22:09:14', NULL, NULL),
(710, 67, 31, 1, 9.99, 'Entregue', NULL, NULL, '2023-06-16 19:44:11', NULL, NULL),
(711, 127, 24, 1, 3, 'Entregue', NULL, NULL, '2023-03-27 20:37:24', NULL, NULL),
(712, 158, 44, 1, 11.99, 'Entregue', NULL, NULL, '2023-02-18 21:53:03', NULL, NULL),
(713, 129, 17, 4, 6.49, 'Entregue', NULL, NULL, '2023-04-06 21:44:52', NULL, NULL),
(714, 108, 27, 5, 9.99, 'Entregue', NULL, NULL, '2023-05-03 22:18:03', NULL, NULL),
(715, 185, 39, 1, 3, 'Entregue', NULL, NULL, '2023-03-20 23:15:56', NULL, NULL),
(716, 41, 44, 1, 11.99, 'Entregue', NULL, NULL, '2022-11-21 21:06:17', NULL, NULL),
(717, 133, 17, 1, 6.49, 'Entregue', NULL, NULL, '2023-08-10 21:39:55', NULL, NULL),
(718, 66, 36, 1, 11.99, 'Entregue', NULL, NULL, '2023-01-18 19:56:38', NULL, NULL),
(719, 161, 27, 1, 9.99, 'Entregue', NULL, NULL, '2023-10-20 20:13:55', NULL, NULL),
(720, 179, 35, 1, 9.99, 'Entregue', NULL, NULL, '2023-05-14 22:04:00', NULL, NULL),
(721, 43, 49, 1, 6.99, 'Entregue', NULL, NULL, '2023-01-31 19:43:53', NULL, NULL),
(722, 198, 2, 1, 10.99, 'Entregue', NULL, NULL, '2023-07-31 20:02:30', NULL, NULL),
(723, 138, 28, 1, 11.99, 'Entregue', NULL, NULL, '2023-09-21 23:03:33', NULL, NULL),
(724, 130, 10, 1, 8.49, 'Entregue', NULL, NULL, '2023-06-26 21:46:20', NULL, NULL),
(725, 44, 6, 3, 11.99, 'Entregue', NULL, NULL, '2023-03-04 22:29:01', NULL, NULL),
(726, 98, 7, 1, 9.49, 'Entregue', NULL, NULL, '2023-02-17 22:53:06', NULL, NULL),
(727, 123, 23, 1, 11.99, 'Entregue', NULL, NULL, '2022-11-28 22:07:05', NULL, NULL),
(728, 144, 7, 1, 9.49, 'Entregue', NULL, NULL, '2023-08-25 21:15:35', NULL, NULL),
(729, 170, 48, 1, 4.99, 'Entregue', NULL, NULL, '2023-01-21 21:12:17', NULL, NULL),
(730, 88, 38, 2, 2, 'Entregue', NULL, NULL, '2023-02-20 20:58:15', NULL, NULL),
(731, 185, 20, 1, 5.99, 'Entregue', NULL, NULL, '2023-03-20 22:48:56', NULL, NULL),
(732, 152, 10, 1, 8.49, 'Entregue', NULL, NULL, '2023-09-24 19:55:14', NULL, NULL),
(733, 180, 17, 1, 6.49, 'Entregue', NULL, NULL, '2023-10-07 22:27:04', NULL, NULL),
(734, 51, 53, 1, 11.99, 'Entregue', NULL, NULL, '2023-04-06 22:07:49', NULL, NULL),
(735, 155, 40, 1, 4.49, 'Entregue', NULL, NULL, '2023-03-03 22:53:02', NULL, NULL),
(736, 159, 32, 1, 11.99, 'Entregue', NULL, NULL, '2023-06-20 21:14:07', NULL, NULL),
(737, 10, 32, 1, 11.99, 'Entregue', NULL, NULL, '2022-12-14 21:43:32', NULL, NULL),
(738, 98, 49, 1, 6.99, 'Entregue', NULL, NULL, '2023-02-17 22:16:06', NULL, NULL),
(739, 169, 44, 1, 11.99, 'Entregue', NULL, NULL, '2023-07-08 21:28:11', NULL, NULL),
(740, 129, 5, 1, 8.49, 'Entregue', NULL, NULL, '2023-04-06 22:43:52', NULL, NULL),
(741, 156, 18, 1, 5.99, 'Entregue', NULL, NULL, '2023-07-20 23:50:12', NULL, NULL),
(742, 166, 3, 1, 8.99, 'Entregue', NULL, NULL, '2023-05-06 22:14:21', NULL, NULL),
(743, 45, 38, 1, 2, 'Entregue', NULL, NULL, '2023-10-21 23:20:23', NULL, NULL),
(744, 118, 7, 1, 9.49, 'Entregue', NULL, NULL, '2023-03-05 23:41:26', NULL, NULL),
(745, 13, 42, 1, 4.99, 'Entregue', NULL, NULL, '2022-11-11 19:49:17', NULL, NULL),
(746, 32, 18, 1, 5.99, 'Entregue', NULL, NULL, '2023-05-21 22:40:13', NULL, NULL),
(747, 195, 52, 1, 6.99, 'Entregue', NULL, NULL, '2022-11-10 22:17:38', NULL, NULL),
(748, 32, 11, 1, 11.99, 'Entregue', NULL, NULL, '2023-05-21 23:09:13', NULL, NULL),
(749, 20, 34, 1, 7.99, 'Entregue', NULL, NULL, '2023-04-13 22:46:03', NULL, NULL),
(750, 86, 46, 1, 6.99, 'Entregue', NULL, NULL, '2022-12-23 20:42:05', NULL, NULL),
(751, 115, 7, 10, 9.49, 'Entregue', NULL, NULL, '2022-12-10 22:10:36', NULL, NULL),
(752, 55, 47, 1, 11.99, 'Entregue', NULL, NULL, '2022-11-27 21:32:00', NULL, NULL),
(753, 186, 5, 1, 8.49, 'Entregue', NULL, NULL, '2023-02-04 22:51:49', NULL, NULL),
(754, 90, 22, 3, 9.99, 'Entregue', NULL, NULL, '2023-05-22 20:30:32', NULL, NULL),
(755, 177, 15, 1, 7.99, 'Entregue', NULL, NULL, '2022-12-18 22:34:16', NULL, NULL),
(756, 46, 2, 1, 10.99, 'Entregue', NULL, NULL, '2023-01-03 22:22:19', NULL, NULL),
(757, 50, 23, 1, 11.99, 'Entregue', NULL, NULL, '2023-10-18 20:35:41', NULL, NULL),
(758, 15, 8, 2, 12.99, 'Entregue', NULL, NULL, '2023-03-14 22:06:19', NULL, NULL),
(759, 120, 19, 7, 3.5, 'Entregue', NULL, NULL, '2023-10-03 22:46:27', NULL, NULL),
(760, 167, 28, 1, 11.99, 'Entregue', NULL, NULL, '2023-01-09 20:06:08', NULL, NULL),
(761, 88, 36, 1, 11.99, 'Entregue', NULL, NULL, '2023-02-20 22:03:15', NULL, NULL),
(762, 128, 27, 5, 9.99, 'Entregue', NULL, NULL, '2023-09-30 21:51:33', NULL, NULL),
(763, 103, 4, 1, 7.99, 'Entregue', NULL, NULL, '2023-09-15 21:37:42', NULL, NULL),
(764, 143, 22, 1, 9.99, 'Entregue', NULL, NULL, '2023-09-10 20:32:10', NULL, NULL),
(765, 35, 14, 1, 5.49, 'Entregue', NULL, NULL, '2023-06-17 01:23:27', NULL, NULL),
(766, 190, 46, 1, 6.99, 'Entregue', NULL, NULL, '2023-02-26 21:28:57', NULL, NULL),
(767, 174, 23, 5, 11.99, 'Entregue', NULL, NULL, '2023-08-19 20:51:43', NULL, NULL),
(768, 115, 30, 1, 7.99, 'Entregue', NULL, NULL, '2022-12-10 21:42:36', NULL, NULL),
(769, 64, 38, 1, 2, 'Entregue', NULL, NULL, '2022-12-27 21:11:38', NULL, NULL),
(770, 2, 3, 3, 8.99, 'Entregue', NULL, NULL, '2022-12-22 22:18:20', NULL, NULL),
(771, 15, 52, 1, 6.99, 'Entregue', NULL, NULL, '2023-03-14 22:31:19', NULL, NULL),
(772, 126, 21, 1, 7.99, 'Entregue', NULL, NULL, '2023-07-24 21:51:49', NULL, NULL),
(773, 104, 39, 1, 3, 'Entregue', NULL, NULL, '2023-03-10 23:12:59', NULL, NULL),
(774, 64, 33, 1, 5.99, 'Entregue', NULL, NULL, '2022-12-27 19:37:38', NULL, NULL),
(775, 56, 6, 1, 11.99, 'Entregue', NULL, NULL, '2023-04-20 21:21:21', NULL, NULL),
(776, 33, 9, 1, 10.99, 'Entregue', NULL, NULL, '2023-10-23 21:30:34', NULL, NULL),
(777, 62, 18, 1, 5.99, 'Entregue', NULL, NULL, '2023-01-24 22:55:52', NULL, NULL),
(778, 74, 16, 3, 8.99, 'Entregue', NULL, NULL, '2022-12-02 20:57:12', NULL, NULL),
(779, 176, 5, 1, 8.49, 'Entregue', NULL, NULL, '2023-04-25 22:34:13', NULL, NULL),
(780, 71, 42, 1, 4.99, 'Entregue', NULL, NULL, '2023-08-16 23:34:59', NULL, NULL),
(781, 144, 31, 1, 9.99, 'Entregue', NULL, NULL, '2023-08-25 22:12:35', NULL, NULL),
(782, 44, 8, 1, 12.99, 'Entregue', NULL, NULL, '2023-03-04 22:32:01', NULL, NULL),
(783, 41, 3, 1, 8.99, 'Entregue', NULL, NULL, '2022-11-21 20:34:17', NULL, NULL),
(784, 44, 51, 1, 4.99, 'Entregue', NULL, NULL, '2023-03-04 22:16:01', NULL, NULL),
(785, 170, 34, 1, 7.99, 'Entregue', NULL, NULL, '2023-01-21 21:59:17', NULL, NULL),
(786, 105, 34, 1, 7.99, 'Entregue', NULL, NULL, '2023-07-30 21:28:29', NULL, NULL),
(787, 84, 38, 1, 2, 'Entregue', NULL, NULL, '2023-04-23 20:45:30', NULL, NULL),
(788, 160, 13, 1, 6.99, 'Entregue', NULL, NULL, '2023-01-29 21:37:54', NULL, NULL),
(789, 132, 26, 1, 7.99, 'Entregue', NULL, NULL, '2022-12-08 23:58:50', NULL, NULL),
(790, 11, 27, 7, 9.99, 'Entregue', NULL, NULL, '2023-02-02 20:06:28', NULL, NULL),
(791, 93, 28, 1, 11.99, 'Entregue', NULL, NULL, '2023-07-11 20:28:57', NULL, NULL),
(792, 169, 12, 1, 7.99, 'Entregue', NULL, NULL, '2023-07-08 22:35:11', NULL, NULL),
(793, 95, 4, 1, 7.99, 'Entregue', NULL, NULL, '2023-02-27 20:01:21', NULL, NULL),
(794, 134, 3, 1, 8.99, 'Entregue', NULL, NULL, '2023-08-01 23:42:11', NULL, NULL),
(795, 115, 16, 5, 8.99, 'Entregue', NULL, NULL, '2022-12-10 22:15:36', NULL, NULL),
(796, 29, 6, 1, 11.99, 'Entregue', NULL, NULL, '2022-12-10 20:00:32', NULL, NULL),
(797, 72, 23, 1, 11.99, 'Entregue', NULL, NULL, '2023-05-05 22:14:48', NULL, NULL),
(798, 155, 12, 1, 7.99, 'Entregue', NULL, NULL, '2023-03-03 22:42:02', NULL, NULL),
(799, 189, 9, 1, 10.99, 'Entregue', NULL, NULL, '2023-01-13 22:19:24', NULL, NULL),
(800, 139, 41, 1, 4.49, 'Entregue', NULL, NULL, '2023-09-29 21:26:03', NULL, NULL),
(801, 94, 27, 1, 9.99, 'Entregue', NULL, NULL, '2023-10-19 20:21:50', NULL, NULL),
(802, 42, 48, 1, 4.99, 'Entregue', NULL, NULL, '2023-05-08 19:34:02', NULL, NULL),
(803, 73, 45, 1, 4.99, 'Entregue', NULL, NULL, '2022-12-29 22:44:33', NULL, NULL),
(804, 76, 42, 8, 4.99, 'Entregue', NULL, NULL, '2023-05-07 20:50:51', NULL, NULL),
(805, 24, 51, 1, 4.99, 'Entregue', NULL, NULL, '2022-11-07 21:41:23', NULL, NULL),
(806, 189, 13, 3, 6.99, 'Entregue', NULL, NULL, '2023-01-13 22:16:24', NULL, NULL),
(807, 155, 21, 1, 7.99, 'Entregue', NULL, NULL, '2023-03-03 22:32:02', NULL, NULL),
(808, 146, 17, 1, 6.49, 'Entregue', NULL, NULL, '2023-03-25 22:25:17', NULL, NULL),
(809, 68, 11, 1, 11.99, 'Entregue', NULL, NULL, '2023-06-11 19:50:13', NULL, NULL),
(810, 48, 40, 1, 4.49, 'Entregue', NULL, NULL, '2023-10-17 22:24:36', NULL, NULL),
(811, 108, 21, 1, 7.99, 'Entregue', NULL, NULL, '2023-05-03 21:41:03', NULL, NULL),
(812, 184, 41, 1, 4.49, 'Entregue', NULL, NULL, '2022-11-21 22:35:23', NULL, NULL),
(813, 150, 3, 5, 8.99, 'Entregue', NULL, NULL, '2023-03-02 22:53:43', NULL, NULL),
(814, 138, 49, 3, 6.99, 'Entregue', NULL, NULL, '2023-09-21 22:09:33', NULL, NULL),
(815, 104, 35, 1, 9.99, 'Entregue', NULL, NULL, '2023-03-10 23:41:59', NULL, NULL),
(816, 4, 4, 1, 7.99, 'Entregue', NULL, NULL, '2023-02-26 22:11:57', NULL, NULL),
(817, 94, 31, 1, 9.99, 'Entregue', NULL, NULL, '2023-10-19 20:41:50', NULL, NULL),
(818, 105, 34, 1, 7.99, 'Entregue', NULL, NULL, '2023-07-30 22:21:29', NULL, NULL),
(819, 111, 51, 1, 4.99, 'Entregue', NULL, NULL, '2022-12-03 21:41:02', NULL, NULL),
(820, 61, 41, 9, 4.49, 'Entregue', NULL, NULL, '2023-01-07 22:17:31', NULL, NULL),
(821, 53, 3, 1, 8.99, 'Entregue', NULL, NULL, '2023-01-03 21:05:07', NULL, NULL),
(822, 195, 9, 9, 10.99, 'Entregue', NULL, NULL, '2022-11-10 22:06:38', NULL, NULL),
(823, 118, 14, 3, 5.49, 'Entregue', NULL, NULL, '2023-03-05 23:11:26', NULL, NULL),
(824, 23, 24, 1, 3, 'Entregue', NULL, NULL, '2023-10-20 22:00:59', NULL, NULL),
(825, 54, 26, 1, 7.99, 'Entregue', NULL, NULL, '2023-01-13 20:24:05', NULL, NULL),
(826, 130, 33, 5, 5.99, 'Entregue', NULL, NULL, '2023-06-26 22:47:20', NULL, NULL),
(827, 5, 51, 1, 4.99, 'Entregue', NULL, NULL, '2023-05-30 21:43:53', NULL, NULL),
(828, 141, 46, 1, 6.99, 'Entregue', NULL, NULL, '2023-09-26 23:13:17', NULL, NULL),
(829, 5, 28, 6, 11.99, 'Entregue', NULL, NULL, '2023-05-30 22:36:53', NULL, NULL),
(830, 27, 36, 9, 11.99, 'Entregue', NULL, NULL, '2023-04-11 22:57:59', NULL, NULL),
(831, 89, 9, 1, 10.99, 'Entregue', NULL, NULL, '2022-11-26 21:51:43', NULL, NULL),
(832, 61, 7, 1, 9.49, 'Entregue', NULL, NULL, '2023-01-07 22:50:31', NULL, NULL),
(833, 163, 35, 1, 9.99, 'Entregue', NULL, NULL, '2023-01-28 22:11:50', NULL, NULL),
(834, 56, 32, 1, 11.99, 'Entregue', NULL, NULL, '2023-04-20 20:34:21', NULL, NULL),
(835, 134, 48, 1, 4.99, 'Entregue', NULL, NULL, '2023-08-01 23:50:11', NULL, NULL),
(836, 189, 10, 1, 8.49, 'Entregue', NULL, NULL, '2023-01-13 21:32:24', NULL, NULL),
(837, 166, 25, 1, 5.99, 'Entregue', NULL, NULL, '2023-05-06 21:12:21', NULL, NULL),
(838, 13, 19, 1, 3.5, 'Entregue', NULL, NULL, '2022-11-11 19:14:17', NULL, NULL),
(839, 52, 33, 1, 5.99, 'Entregue', NULL, NULL, '2023-01-12 19:16:49', NULL, NULL),
(840, 136, 28, 7, 11.99, 'Entregue', NULL, NULL, '2023-07-02 20:24:57', NULL, NULL),
(841, 132, 25, 1, 5.99, 'Entregue', NULL, NULL, '2022-12-09 01:00:50', NULL, NULL),
(842, 146, 3, 1, 8.99, 'Entregue', NULL, NULL, '2023-03-25 23:15:17', NULL, NULL),
(843, 142, 53, 4, 11.99, 'Entregue', NULL, NULL, '2023-03-05 20:41:27', NULL, NULL),
(844, 141, 21, 1, 7.99, 'Entregue', NULL, NULL, '2023-09-27 00:07:17', NULL, NULL),
(845, 122, 13, 1, 6.99, 'Entregue', NULL, NULL, '2023-06-12 21:54:45', NULL, NULL),
(846, 51, 9, 1, 10.99, 'Entregue', NULL, NULL, '2023-04-06 22:38:49', NULL, NULL),
(847, 195, 35, 6, 9.99, 'Entregue', NULL, NULL, '2022-11-10 22:12:38', NULL, NULL),
(848, 29, 39, 1, 3, 'Entregue', NULL, NULL, '2022-12-10 21:07:32', NULL, NULL),
(849, 95, 34, 10, 7.99, 'Entregue', NULL, NULL, '2023-02-27 20:19:21', NULL, NULL),
(850, 153, 35, 7, 9.99, 'Entregue', NULL, NULL, '2023-01-30 22:08:57', NULL, NULL),
(851, 133, 52, 1, 6.99, 'Entregue', NULL, NULL, '2023-08-10 21:54:55', NULL, NULL),
(852, 70, 18, 1, 5.99, 'Entregue', NULL, NULL, '2023-09-17 21:34:50', NULL, NULL),
(853, 155, 6, 1, 11.99, 'Entregue', NULL, NULL, '2023-03-03 22:58:02', NULL, NULL),
(854, 119, 4, 1, 7.99, 'Entregue', NULL, NULL, '2023-07-02 23:39:41', NULL, NULL),
(855, 5, 34, 1, 7.99, 'Entregue', NULL, NULL, '2023-05-30 22:58:53', NULL, NULL),
(856, 176, 29, 7, 5.99, 'Entregue', NULL, NULL, '2023-04-25 22:58:13', NULL, NULL),
(857, 94, 16, 1, 8.99, 'Entregue', NULL, NULL, '2023-10-19 21:11:50', NULL, NULL),
(858, 112, 7, 1, 9.49, 'Entregue', NULL, NULL, '2023-08-07 21:48:54', NULL, NULL),
(859, 131, 47, 1, 11.99, 'Entregue', NULL, NULL, '2023-08-01 21:55:38', NULL, NULL),
(860, 14, 3, 1, 8.99, 'Entregue', NULL, NULL, '2023-07-22 21:53:04', NULL, NULL),
(861, 187, 16, 4, 8.99, 'Entregue', NULL, NULL, '2022-11-16 20:47:29', NULL, NULL),
(862, 186, 26, 1, 7.99, 'Entregue', NULL, NULL, '2023-02-04 22:37:49', NULL, NULL),
(863, 165, 39, 5, 3, 'Entregue', NULL, NULL, '2023-04-22 21:22:09', NULL, NULL),
(864, 3, 37, 1, 2.5, 'Entregue', NULL, NULL, '2023-09-25 21:35:09', NULL, NULL),
(865, 111, 30, 1, 7.99, 'Entregue', NULL, NULL, '2022-12-03 22:42:02', NULL, NULL),
(866, 174, 24, 9, 3, 'Entregue', NULL, NULL, '2023-08-19 19:38:43', NULL, NULL),
(867, 13, 39, 1, 3, 'Entregue', NULL, NULL, '2022-11-11 20:44:17', NULL, NULL),
(868, 107, 18, 5, 5.99, 'Entregue', NULL, NULL, '2023-02-04 20:41:41', NULL, NULL),
(869, 77, 48, 1, 4.99, 'Entregue', NULL, NULL, '2023-09-21 21:21:55', NULL, NULL),
(870, 141, 33, 6, 5.99, 'Entregue', NULL, NULL, '2023-09-26 23:07:17', NULL, NULL),
(871, 113, 13, 1, 6.99, 'Entregue', NULL, NULL, '2023-04-27 21:02:03', NULL, NULL),
(872, 38, 16, 1, 8.99, 'Entregue', NULL, NULL, '2023-08-16 20:27:07', NULL, NULL),
(873, 32, 25, 1, 5.99, 'Entregue', NULL, NULL, '2023-05-21 23:19:13', NULL, NULL),
(874, 87, 46, 10, 6.99, 'Entregue', NULL, NULL, '2023-09-28 23:19:55', NULL, NULL),
(875, 195, 26, 1, 7.99, 'Entregue', NULL, NULL, '2022-11-10 21:40:38', NULL, NULL),
(876, 142, 11, 1, 11.99, 'Entregue', NULL, NULL, '2023-03-05 20:40:27', NULL, NULL),
(877, 106, 49, 1, 6.99, 'Entregue', NULL, NULL, '2023-05-22 22:01:40', NULL, NULL),
(878, 92, 45, 1, 4.99, 'Entregue', NULL, NULL, '2023-10-13 20:25:35', NULL, NULL),
(879, 198, 17, 1, 6.49, 'Entregue', NULL, NULL, '2023-07-31 20:15:30', NULL, NULL),
(880, 142, 13, 4, 6.99, 'Entregue', NULL, NULL, '2023-03-05 20:58:27', NULL, NULL),
(881, 58, 18, 1, 5.99, 'Entregue', NULL, NULL, '2023-04-03 20:32:35', NULL, NULL),
(882, 2, 22, 6, 9.99, 'Entregue', NULL, NULL, '2022-12-22 21:18:20', NULL, NULL),
(883, 86, 25, 1, 5.99, 'Entregue', NULL, NULL, '2022-12-23 21:10:05', NULL, NULL),
(884, 40, 40, 7, 4.49, 'Entregue', NULL, NULL, '2023-01-07 23:23:04', NULL, NULL),
(885, 5, 14, 1, 5.49, 'Entregue', NULL, NULL, '2023-05-30 21:40:53', NULL, NULL),
(886, 119, 24, 8, 3, 'Entregue', NULL, NULL, '2023-07-03 00:18:41', NULL, NULL),
(887, 98, 15, 1, 7.99, 'Entregue', NULL, NULL, '2023-02-17 22:19:06', NULL, NULL),
(888, 126, 9, 7, 10.99, 'Entregue', NULL, NULL, '2023-07-24 21:06:49', NULL, NULL),
(889, 119, 50, 1, 11.99, 'Entregue', NULL, NULL, '2023-07-02 23:13:41', NULL, NULL),
(890, 148, 7, 1, 9.49, 'Entregue', NULL, NULL, '2023-01-31 23:11:30', NULL, NULL),
(891, 35, 11, 1, 11.99, 'Entregue', NULL, NULL, '2023-06-17 00:26:27', NULL, NULL),
(892, 52, 3, 1, 8.99, 'Entregue', NULL, NULL, '2023-01-12 19:16:49', NULL, NULL),
(893, 101, 46, 1, 6.99, 'Entregue', NULL, NULL, '2023-09-25 23:43:26', NULL, NULL),
(894, 35, 33, 1, 5.99, 'Entregue', NULL, NULL, '2023-06-17 00:54:27', NULL, NULL),
(895, 80, 50, 1, 11.99, 'Entregue', NULL, NULL, '2022-12-19 23:34:44', NULL, NULL),
(896, 26, 7, 1, 9.49, 'Entregue', NULL, NULL, '2023-10-28 21:55:58', NULL, NULL),
(897, 43, 23, 1, 11.99, 'Entregue', NULL, NULL, '2023-01-31 19:45:53', NULL, NULL),
(898, 91, 51, 7, 4.99, 'Entregue', NULL, NULL, '2022-12-13 22:41:18', NULL, NULL),
(899, 160, 52, 6, 6.99, 'Entregue', NULL, NULL, '2023-01-29 21:27:54', NULL, NULL),
(900, 72, 6, 1, 11.99, 'Entregue', NULL, NULL, '2023-05-05 21:24:48', NULL, NULL),
(901, 197, 29, 1, 5.99, 'Entregue', NULL, NULL, '2022-11-30 20:44:46', NULL, NULL),
(902, 134, 38, 8, 2, 'Entregue', NULL, NULL, '2023-08-01 23:39:11', NULL, NULL),
(903, 105, 40, 1, 4.49, 'Entregue', NULL, NULL, '2023-07-30 22:46:29', NULL, NULL),
(904, 75, 18, 1, 5.99, 'Entregue', NULL, NULL, '2023-09-01 21:59:38', NULL, NULL),
(905, 105, 14, 1, 5.49, 'Entregue', NULL, NULL, '2023-07-30 23:13:29', NULL, NULL),
(906, 157, 42, 2, 4.99, 'Entregue', NULL, NULL, '2022-11-02 00:07:51', NULL, NULL),
(907, 113, 47, 8, 11.99, 'Entregue', NULL, NULL, '2023-04-27 21:20:03', NULL, NULL),
(908, 189, 4, 1, 7.99, 'Entregue', NULL, NULL, '2023-01-13 21:48:24', NULL, NULL),
(909, 151, 47, 1, 11.99, 'Entregue', NULL, NULL, '2022-11-24 22:01:53', NULL, NULL),
(910, 66, 11, 2, 11.99, 'Entregue', NULL, NULL, '2023-01-18 20:45:38', NULL, NULL),
(911, 42, 26, 1, 7.99, 'Entregue', NULL, NULL, '2023-05-08 20:43:02', NULL, NULL),
(912, 85, 38, 1, 2, 'Entregue', NULL, NULL, '2023-07-27 22:19:14', NULL, NULL),
(913, 74, 6, 1, 11.99, 'Entregue', NULL, NULL, '2022-12-02 22:32:12', NULL, NULL),
(914, 77, 12, 1, 7.99, 'Entregue', NULL, NULL, '2023-09-21 20:43:55', NULL, NULL),
(915, 194, 40, 1, 4.49, 'Entregue', NULL, NULL, '2022-12-29 23:00:46', NULL, NULL),
(916, 179, 3, 1, 8.99, 'Entregue', NULL, NULL, '2023-05-14 22:24:00', NULL, NULL),
(917, 89, 25, 4, 5.99, 'Entregue', NULL, NULL, '2022-11-26 21:37:43', NULL, NULL),
(918, 71, 29, 1, 5.99, 'Entregue', NULL, NULL, '2023-08-16 22:14:59', NULL, NULL),
(919, 79, 45, 1, 4.99, 'Entregue', NULL, NULL, '2023-10-20 21:22:51', NULL, NULL),
(920, 104, 15, 1, 7.99, 'Entregue', NULL, NULL, '2023-03-10 23:30:59', NULL, NULL),
(921, 113, 29, 8, 5.99, 'Entregue', NULL, NULL, '2023-04-27 19:57:03', NULL, NULL),
(922, 36, 17, 1, 6.49, 'Entregue', NULL, NULL, '2023-06-25 21:49:16', NULL, NULL),
(923, 49, 9, 1, 10.99, 'Entregue', NULL, NULL, '2023-07-30 20:45:56', NULL, NULL),
(924, 192, 34, 1, 7.99, 'Entregue', NULL, NULL, '2023-03-26 20:10:24', NULL, NULL),
(925, 9, 46, 1, 6.99, 'Entregue', NULL, NULL, '2023-01-06 21:57:58', NULL, NULL),
(926, 134, 3, 1, 8.99, 'Entregue', NULL, NULL, '2023-08-02 01:14:11', NULL, NULL),
(927, 147, 7, 1, 9.49, 'Entregue', NULL, NULL, '2023-10-22 20:56:45', NULL, NULL),
(928, 27, 2, 1, 10.99, 'Entregue', NULL, NULL, '2023-04-11 23:20:59', NULL, NULL),
(929, 90, 52, 5, 6.99, 'Entregue', NULL, NULL, '2023-05-22 20:47:32', NULL, NULL),
(930, 14, 7, 1, 9.49, 'Entregue', NULL, NULL, '2023-07-22 21:21:04', NULL, NULL),
(931, 120, 8, 1, 12.99, 'Entregue', NULL, NULL, '2023-10-03 21:56:27', NULL, NULL),
(932, 131, 52, 1, 6.99, 'Entregue', NULL, NULL, '2023-08-01 22:13:38', NULL, NULL),
(933, 98, 42, 1, 4.99, 'Entregue', NULL, NULL, '2023-02-17 22:37:06', NULL, NULL),
(934, 89, 34, 1, 7.99, 'Entregue', NULL, NULL, '2022-11-26 21:00:43', NULL, NULL),
(935, 110, 23, 1, 11.99, 'Entregue', NULL, NULL, '2023-02-25 20:28:34', NULL, NULL),
(936, 60, 7, 1, 9.49, 'Entregue', NULL, NULL, '2023-10-24 21:06:03', NULL, NULL),
(937, 112, 9, 1, 10.99, 'Entregue', NULL, NULL, '2023-08-07 21:04:54', NULL, NULL),
(938, 167, 39, 1, 3, 'Entregue', NULL, NULL, '2023-01-09 20:57:08', NULL, NULL),
(939, 157, 10, 1, 8.49, 'Entregue', NULL, NULL, '2022-11-01 23:47:51', NULL, NULL),
(940, 89, 20, 1, 5.99, 'Entregue', NULL, NULL, '2022-11-26 21:31:43', NULL, NULL),
(941, 24, 45, 1, 4.99, 'Entregue', NULL, NULL, '2022-11-07 22:09:23', NULL, NULL),
(942, 105, 18, 1, 5.99, 'Entregue', NULL, NULL, '2023-07-30 22:47:29', NULL, NULL),
(943, 194, 13, 1, 6.99, 'Entregue', NULL, NULL, '2022-12-29 22:40:46', NULL, NULL),
(944, 33, 9, 6, 10.99, 'Entregue', NULL, NULL, '2023-10-23 22:41:34', NULL, NULL),
(945, 128, 43, 4, 6.99, 'Entregue', NULL, NULL, '2023-09-30 21:38:33', NULL, NULL),
(946, 36, 30, 1, 7.99, 'Entregue', NULL, NULL, '2023-06-25 21:48:16', NULL, NULL),
(947, 75, 8, 1, 12.99, 'Entregue', NULL, NULL, '2023-09-01 22:40:38', NULL, NULL),
(948, 106, 44, 1, 11.99, 'Entregue', NULL, NULL, '2023-05-22 20:38:40', NULL, NULL),
(949, 113, 7, 1, 9.49, 'Entregue', NULL, NULL, '2023-04-27 19:59:03', NULL, NULL),
(950, 167, 29, 1, 5.99, 'Entregue', NULL, NULL, '2023-01-09 20:51:08', NULL, NULL),
(951, 29, 23, 9, 11.99, 'Entregue', NULL, NULL, '2022-12-10 20:55:32', NULL, NULL),
(952, 105, 14, 1, 5.49, 'Entregue', NULL, NULL, '2023-07-30 22:46:29', NULL, NULL),
(953, 131, 5, 1, 8.49, 'Entregue', NULL, NULL, '2023-08-01 21:20:38', NULL, NULL),
(954, 77, 9, 1, 10.99, 'Entregue', NULL, NULL, '2023-09-21 21:35:55', NULL, NULL),
(955, 174, 5, 1, 8.49, 'Entregue', NULL, NULL, '2023-08-19 19:37:43', NULL, NULL),
(956, 138, 51, 1, 4.99, 'Entregue', NULL, NULL, '2023-09-21 23:08:33', NULL, NULL),
(957, 25, 37, 1, 2.5, 'Entregue', NULL, NULL, '2023-03-23 22:14:56', NULL, NULL),
(958, 127, 41, 10, 4.49, 'Entregue', NULL, NULL, '2023-03-27 20:59:24', NULL, NULL),
(959, 47, 43, 1, 6.99, 'Entregue', NULL, NULL, '2023-06-20 21:52:07', NULL, NULL),
(960, 55, 37, 7, 2.5, 'Entregue', NULL, NULL, '2022-11-27 22:00:00', NULL, NULL),
(961, 192, 13, 1, 6.99, 'Entregue', NULL, NULL, '2023-03-26 21:08:24', NULL, NULL),
(962, 34, 8, 1, 12.99, 'Entregue', NULL, NULL, '2023-01-17 22:31:51', NULL, NULL),
(963, 122, 19, 1, 3.5, 'Entregue', NULL, NULL, '2023-06-12 22:42:45', NULL, NULL),
(964, 189, 52, 1, 6.99, 'Entregue', NULL, NULL, '2023-01-13 22:11:24', NULL, NULL),
(965, 168, 11, 1, 11.99, 'Entregue', NULL, NULL, '2022-12-18 21:52:43', NULL, NULL),
(966, 143, 43, 1, 6.99, 'Entregue', NULL, NULL, '2023-09-10 22:02:10', NULL, NULL),
(967, 154, 38, 1, 2, 'Entregue', NULL, NULL, '2023-07-23 19:47:29', NULL, NULL),
(968, 162, 31, 1, 9.99, 'Entregue', NULL, NULL, '2023-05-14 21:41:05', NULL, NULL),
(969, 5, 6, 1, 11.99, 'Entregue', NULL, NULL, '2023-05-30 23:05:53', NULL, NULL),
(970, 72, 27, 1, 9.99, 'Entregue', NULL, NULL, '2023-05-05 22:12:48', NULL, NULL),
(971, 95, 26, 1, 7.99, 'Entregue', NULL, NULL, '2023-02-27 20:40:21', NULL, NULL),
(972, 109, 48, 6, 4.99, 'Entregue', NULL, NULL, '2023-10-15 21:20:36', NULL, NULL),
(973, 9, 46, 1, 6.99, 'Entregue', NULL, NULL, '2023-01-06 21:00:58', NULL, NULL),
(974, 109, 31, 1, 9.99, 'Entregue', NULL, NULL, '2023-10-15 20:16:36', NULL, NULL),
(975, 57, 29, 1, 5.99, 'Entregue', NULL, NULL, '2023-02-06 19:46:51', NULL, NULL),
(976, 67, 48, 1, 4.99, 'Entregue', NULL, NULL, '2023-06-16 19:52:11', NULL, NULL),
(977, 4, 18, 1, 5.99, 'Entregue', NULL, NULL, '2023-02-26 23:15:57', NULL, NULL),
(978, 141, 46, 1, 6.99, 'Entregue', NULL, NULL, '2023-09-26 23:38:17', NULL, NULL),
(979, 62, 47, 1, 11.99, 'Entregue', NULL, NULL, '2023-01-24 22:19:52', NULL, NULL),
(980, 143, 33, 5, 5.99, 'Entregue', NULL, NULL, '2023-09-10 21:13:10', NULL, NULL),
(981, 45, 28, 1, 11.99, 'Entregue', NULL, NULL, '2023-10-21 21:56:23', NULL, NULL),
(982, 39, 22, 1, 9.99, 'Entregue', NULL, NULL, '2023-08-18 20:49:09', NULL, NULL),
(983, 3, 13, 2, 6.99, 'Entregue', NULL, NULL, '2023-09-25 21:42:09', NULL, NULL),
(984, 83, 3, 1, 8.99, 'Entregue', NULL, NULL, '2023-01-21 22:30:09', NULL, NULL),
(985, 187, 7, 8, 9.49, 'Entregue', NULL, NULL, '2022-11-16 20:37:29', NULL, NULL),
(986, 184, 14, 3, 5.49, 'Entregue', NULL, NULL, '2022-11-21 22:09:23', NULL, NULL),
(987, 172, 51, 1, 4.99, 'Entregue', NULL, NULL, '2023-04-22 22:05:14', NULL, NULL),
(988, 32, 18, 1, 5.99, 'Entregue', NULL, NULL, '2023-05-21 22:57:13', NULL, NULL),
(989, 195, 32, 6, 11.99, 'Entregue', NULL, NULL, '2022-11-10 22:12:38', NULL, NULL),
(990, 134, 10, 1, 8.49, 'Entregue', NULL, NULL, '2023-08-02 01:17:11', NULL, NULL),
(991, 117, 22, 1, 9.99, 'Entregue', NULL, NULL, '2023-08-06 23:31:35', NULL, NULL),
(992, 99, 44, 9, 11.99, 'Entregue', NULL, NULL, '2023-06-09 21:12:55', NULL, NULL),
(993, 69, 17, 1, 6.49, 'Entregue', NULL, NULL, '2023-04-10 20:06:19', NULL, NULL),
(994, 22, 52, 1, 6.99, 'Entregue', NULL, NULL, '2023-06-23 22:02:13', NULL, NULL),
(995, 133, 32, 1, 11.99, 'Entregue', NULL, NULL, '2023-08-10 21:04:55', NULL, NULL),
(996, 180, 24, 1, 3, 'Entregue', NULL, NULL, '2023-10-07 21:43:04', NULL, NULL),
(997, 73, 3, 1, 8.99, 'Entregue', NULL, NULL, '2022-12-29 23:02:33', NULL, NULL),
(998, 2, 4, 6, 7.99, 'Entregue', NULL, NULL, '2022-12-22 21:32:20', NULL, NULL),
(999, 50, 30, 7, 7.99, 'Entregue', NULL, NULL, '2023-10-18 21:06:41', NULL, NULL),
(1000, 58, 52, 7, 6.99, 'Entregue', NULL, NULL, '2023-04-03 21:22:35', NULL, NULL);

-- --------------------------------------------------------

--
-- Estrutura da tabela `pessoas`
--

CREATE TABLE `pessoas` (
  `id` int(10) UNSIGNED NOT NULL,
  `nome` varchar(125) NOT NULL,
  `telefone` varchar(15) NOT NULL COMMENT '+5563984848484',
  `cpf` varchar(11) DEFAULT NULL,
  `rg` varchar(20) DEFAULT NULL,
  `rg_expedidor` varchar(100) DEFAULT NULL,
  `email` varchar(100) DEFAULT NULL,
  `ciracao_data` datetime NOT NULL DEFAULT current_timestamp(),
  `alteracao_data` datetime DEFAULT NULL,
  `exclusao_data` datetime DEFAULT NULL
) ENGINE=InnoDB DEFAULT CHARSET=utf8 COLLATE=utf8_general_ci;

--
-- Extraindo dados da tabela `pessoas`
--

INSERT INTO `pessoas` (`id`, `nome`, `telefone`, `cpf`, `rg`, `rg_expedidor`, `email`, `ciracao_data`, `alteracao_data`, `exclusao_data`) VALUES
(1, 'Joaquim Scavone', '+5563988888888', '11111111111', '999999', 'SSP-TO', 'joaquim.scavone@ifto.edu.br', '2023-11-01 13:46:17', NULL, NULL),
(2, 'Uma Lima Barros', '+5563981160897', NULL, NULL, NULL, NULL, '2023-11-01 13:56:35', NULL, NULL),
(3, 'Yolanda Domingues Farias', '+5563992251441', NULL, NULL, NULL, NULL, '2023-11-01 13:56:35', NULL, NULL),
(4, 'Shay de Castro Sales', '+5563999784657', '85320776496', '4007647', 'SSP-MA', 'shaydecastrosales@live.com', '2023-11-01 13:56:35', NULL, NULL),
(5, 'Galvin de Sousa Costa', '+5563999125386', NULL, NULL, NULL, NULL, '2023-11-01 13:56:35', NULL, NULL),
(6, 'Nash Das Chagas Rocha', '+5563999568512', '13357779560', '5324521', 'SSP-RJ', 'nashdaschagasrocha@yahoo.com', '2023-11-01 13:56:35', NULL, NULL),
(7, 'Ahmed Marinho', '+5563999791137', NULL, NULL, NULL, NULL, '2023-11-01 13:56:35', NULL, NULL),
(8, 'Kuame de Lourdes Pinto', '+5563999950672', NULL, NULL, NULL, NULL, '2023-11-01 13:56:35', NULL, NULL),
(9, 'Quin Cavalcante do Carmo', '+5563992083986', NULL, NULL, NULL, NULL, '2023-11-01 13:56:35', NULL, NULL),
(10, 'Shelly Firmino Brito', '+5563999948575', NULL, NULL, NULL, NULL, '2023-11-01 13:56:35', NULL, NULL),
(11, 'Liberty dos Reis Carvalho', '+5563984421445', NULL, NULL, NULL, NULL, '2023-11-01 13:56:35', NULL, NULL),
(12, 'William Pinto de Jesus', '+5563981887704', '63711714433', '6944155', 'SSP-PI', 'williampintodejesus@hotmail.com', '2023-11-01 13:56:35', NULL, NULL),
(13, 'Tatiana Leal Furtado', '+5563984640316', NULL, NULL, NULL, NULL, '2023-11-01 13:56:35', NULL, NULL),
(14, 'Jeanette Santana Cabral', '+5563992431540', '97922073447', '4202313', 'SSP-RJ', 'jeanettesantanacabral7365@gmail.com', '2023-11-01 13:56:35', NULL, NULL),
(15, 'Griffith Caetano Andrade', '+5563992629514', NULL, NULL, NULL, NULL, '2023-11-01 13:56:35', NULL, NULL),
(16, 'Nina Correia Peixoto', '+5563984203224', '64554131442', '3021973', 'SSP-MA', 'ninacorreiapeixoto@yahoo.com', '2023-11-01 13:56:35', NULL, NULL),
(17, 'Diana da Silveira Medeiros', '+5563984563137', NULL, NULL, NULL, NULL, '2023-11-01 13:56:35', NULL, NULL),
(18, 'Orlando Cavalcante Nascimento', '+5563984266100', NULL, NULL, NULL, NULL, '2023-11-01 13:56:35', NULL, NULL),
(19, 'Raymond Soares Franco', '+5563999773584', '52231232931', '6667317', 'SSP-TO', 'raymondsoaresfranco@outlook.com', '2023-11-01 13:56:35', NULL, NULL),
(20, 'Riley Lima Vasconcelos dos Santos', '+5563981726433', NULL, NULL, NULL, NULL, '2023-11-01 13:56:35', NULL, NULL),
(21, 'Carl de Fatima Moura', '+5563981283954', NULL, NULL, NULL, NULL, '2023-11-01 13:56:35', NULL, NULL),
(22, 'Pandora de Morais', '+5563984287811', NULL, NULL, NULL, NULL, '2023-11-01 13:56:35', NULL, NULL),
(23, 'Amity de Abreu Bastos', '+5563984367516', NULL, NULL, NULL, NULL, '2023-11-01 13:56:35', NULL, NULL),
(24, 'Rosalyn Simoes Mendes', '+5563999356817', NULL, NULL, NULL, NULL, '2023-11-01 13:56:35', NULL, NULL),
(25, 'Xenos Silveira Batista', '+5563984906711', NULL, NULL, NULL, NULL, '2023-11-01 13:56:35', NULL, NULL),
(26, 'Jaime Reis Das Gracas', '+5563992172758', NULL, NULL, NULL, NULL, '2023-11-01 13:56:35', NULL, NULL),
(27, 'Fletcher Diniz de Abreu', '+5563984231769', NULL, NULL, NULL, NULL, '2023-11-01 13:56:35', NULL, NULL),
(28, 'Phelan Maciel Vasconcelos', '+5563999282385', NULL, NULL, NULL, NULL, '2023-11-01 13:56:35', NULL, NULL),
(29, 'Keaton Ferreira Franca', '+5563984380684', NULL, NULL, NULL, NULL, '2023-11-01 13:56:35', NULL, NULL),
(30, 'Kimberly Aparecido de Brito Barboza', '+5563981916682', NULL, NULL, NULL, NULL, '2023-11-01 13:56:35', NULL, NULL),
(31, 'Moses Cardoso Franca', '+5563981752362', NULL, NULL, NULL, NULL, '2023-11-01 13:56:35', NULL, NULL),
(32, 'Abbot Cabral Cruz', '+5563981968987', NULL, NULL, NULL, NULL, '2023-11-01 13:56:35', NULL, NULL),
(33, 'Brody Marques Ramos', '+5563981601968', NULL, NULL, NULL, NULL, '2023-11-01 13:56:35', NULL, NULL),
(34, 'Cedric de Campos Antunes', '+5563984514764', '68031504827', '5516346', 'SSP-TO', 'cedricdecamposantunes@live.com', '2023-11-01 13:56:35', NULL, NULL),
(35, 'Jared Freitas Correa', '+5563992191275', NULL, NULL, NULL, NULL, '2023-11-01 13:56:35', NULL, NULL),
(36, 'Priscilla Domingos Silva', '+5563984385689', '12956834845', '1851218', 'SSP-DF', 'priscilladomingossilva3165@outlook.com', '2023-11-01 13:56:35', NULL, NULL),
(37, 'Kaseem Furtado de Morais', '+5563992862887', NULL, NULL, NULL, NULL, '2023-11-01 13:56:35', NULL, NULL),
(38, 'Kyra Ferraz Braz', '+5563981527888', NULL, NULL, NULL, NULL, '2023-11-01 13:56:35', NULL, NULL),
(39, 'Alexandra Felix Reis', '+5563981326575', NULL, NULL, NULL, NULL, '2023-11-01 13:56:35', NULL, NULL),
(40, 'Brady Bispo Rezende', '+5563992519651', NULL, NULL, NULL, NULL, '2023-11-01 13:56:35', NULL, NULL),
(41, 'Jolie Nascimento Vasconcelos', '+5563992429444', NULL, NULL, NULL, NULL, '2023-11-01 13:56:35', NULL, NULL),
(42, 'Mannix Azevedo Teixeira', '+5563984426588', '26747711757', '2488353', 'SSP-DF', 'mannixazevedoteixeira@hotmail.com', '2023-11-01 13:56:35', NULL, NULL),
(43, 'Maite Figueiredo Vieira', '+5563984111754', NULL, NULL, NULL, NULL, '2023-11-01 13:56:35', NULL, NULL),
(44, 'Inga Messias Silva', '+5563999773858', NULL, NULL, NULL, NULL, '2023-11-01 13:56:35', NULL, NULL),
(45, 'Grady Borges Souza', '+5563984384268', NULL, NULL, NULL, NULL, '2023-11-01 13:56:35', NULL, NULL),
(46, 'Elton Machado Santana', '+5563992411889', NULL, NULL, NULL, NULL, '2023-11-01 13:56:35', NULL, NULL),
(47, 'Oleg Bispo', '+5563984271663', NULL, NULL, NULL, NULL, '2023-11-01 13:56:35', NULL, NULL),
(48, 'Carlos Domingues Rezende', '+5563999846099', NULL, NULL, NULL, NULL, '2023-11-01 13:56:35', NULL, NULL),
(49, 'Britanni Chaves Nonato', '+5563992326405', NULL, NULL, NULL, NULL, '2023-11-01 13:56:35', NULL, NULL),
(50, 'Orson Machado Dias', '+5563999577239', NULL, NULL, NULL, NULL, '2023-11-01 13:56:35', NULL, NULL),
(51, 'Lev Furtado Braz', '+5563992748338', NULL, NULL, NULL, NULL, '2023-11-01 13:56:35', NULL, NULL),
(52, 'Ann Ferraz', '+5563999657690', NULL, NULL, NULL, NULL, '2023-11-01 13:56:35', NULL, NULL),
(53, 'Maisie de Freitas Leite', '+5563999447721', NULL, NULL, NULL, NULL, '2023-11-01 13:56:35', NULL, NULL),
(54, 'Cade Barreto Ribeiro', '+5563981706532', NULL, NULL, NULL, NULL, '2023-11-01 13:56:35', NULL, NULL),
(55, 'Keefe Das Gracas Almeida', '+5563992694653', NULL, NULL, NULL, NULL, '2023-11-01 13:56:35', NULL, NULL),
(56, 'Ahmed Candido', '+5563992296784', '55648156790', '0619977', 'SSP-PI', 'ahmedcandido5498@live.com', '2023-11-01 13:56:35', NULL, NULL),
(57, 'Renee Borges da Silveira Martins', '+5563981986464', NULL, NULL, NULL, NULL, '2023-11-01 13:56:35', NULL, NULL),
(58, 'Raven Almeida Souza', '+5563984683246', '77121870413', '2742269', 'SSP-MA', 'ravenalmeidasouza7335@hotmail.com', '2023-11-01 13:56:35', NULL, NULL),
(59, 'Desiree Santana Siqueira', '+5563992513616', NULL, NULL, NULL, NULL, '2023-11-01 13:56:35', NULL, NULL),
(60, 'Naomi Lopes Rodrigues', '+5563981457502', NULL, NULL, NULL, NULL, '2023-11-01 13:56:35', NULL, NULL),
(61, 'Herman Franco de Sousa', '+5563992561535', NULL, NULL, NULL, NULL, '2023-11-01 13:56:35', NULL, NULL),
(62, 'Brandon Correa de Melo', '+5563984787054', '54848653861', '8753653', 'SSP-RJ', 'brandoncorreademelo@outlook.com', '2023-11-01 13:56:35', NULL, NULL),
(63, 'Hasad de Castro Araujo', '+5563999164169', NULL, NULL, NULL, NULL, '2023-11-01 13:56:35', NULL, NULL),
(64, 'Armand de Araujo Rezende', '+5563999388148', NULL, NULL, NULL, NULL, '2023-11-01 13:56:35', NULL, NULL),
(65, 'Colette da Rocha Simoes', '+5563984281864', '61920063831', '0081162', 'SSP-PI', 'colettedarochasimoes@gmail.com', '2023-11-01 13:56:35', NULL, NULL),
(66, 'Vladimir de Santana Chagas', '+5563984841417', '84341362474', '5425114', 'SSP-TO', 'vladimirdesantanachagas@hotmail.com', '2023-11-01 13:56:35', NULL, NULL),
(67, 'Margaret Gonzaga Evangelista', '+5563992631612', '34744368878', '6683656', 'SSP-BA', 'margaretgonzagaevangelista2043@yahoo.com', '2023-11-01 13:56:35', NULL, NULL),
(68, 'Reese Oliveira Trindade', '+5563984773128', '25426444300', '3904156', 'SSP-RJ', 'reeseoliveiratrindade@gmail.com', '2023-11-01 13:56:35', NULL, NULL),
(69, 'Nasim Custodio Barbosa', '+5563984571737', '13473425656', '3693702', 'SSP-MA', 'nasimcustodiobarbosa@live.com', '2023-11-01 13:56:35', NULL, NULL),
(70, 'Xyla Maia Paulino', '+5563984216391', NULL, NULL, NULL, NULL, '2023-11-01 13:56:35', NULL, NULL),
(71, 'Finn Fernandes Leite', '+5563981713034', NULL, NULL, NULL, NULL, '2023-11-01 13:56:35', NULL, NULL),
(72, 'Quynn Soares dos Anjos', '+5563981256273', '02123376551', '2841712', 'SSP-SP', 'quynnsoaresdosanjos@yahoo.com', '2023-11-01 13:56:35', NULL, NULL),
(73, 'Maris Campos Melo', '+5563981730381', NULL, NULL, NULL, NULL, '2023-11-01 13:56:35', NULL, NULL),
(74, 'Lane Teodoro Moraes', '+5563999252647', '77084355236', '5146156', 'SSP-RJ', 'laneteodoromoraes@live.com', '2023-11-01 13:56:35', NULL, NULL),
(75, 'Marcia Leal dos Santos', '+5563999551541', NULL, NULL, NULL, NULL, '2023-11-01 13:56:35', NULL, NULL),
(76, 'Jorden Queiroz Moura', '+5563984817677', NULL, NULL, NULL, NULL, '2023-11-01 13:56:35', NULL, NULL),
(77, 'Edan de Souza da Conceiçao', '+5563981275212', '84027995678', '4671848', 'SSP-SP', 'edandesouzadaconceiao@yahoo.com', '2023-11-01 13:56:35', NULL, NULL),
(78, 'Holmes Barbosa Santana', '+5563981781247', NULL, NULL, NULL, NULL, '2023-11-01 13:56:35', NULL, NULL),
(79, 'Malik Das Neves Inacio', '+5563984837478', NULL, NULL, NULL, NULL, '2023-11-01 13:56:35', NULL, NULL),
(80, 'Marvin da Conceiçao Antunes Santana', '+5563981728856', NULL, NULL, NULL, NULL, '2023-11-01 13:56:35', NULL, NULL),
(81, 'Cameron Mota Caetano', '+5563984245871', NULL, NULL, NULL, NULL, '2023-11-01 13:56:35', NULL, NULL),
(82, 'Vielka da Silveira Gonzaga', '+5563999759338', NULL, NULL, NULL, NULL, '2023-11-01 13:56:35', NULL, NULL),
(83, 'Stacey da Rocha da Cruz', '+5563981353225', NULL, NULL, NULL, NULL, '2023-11-01 13:56:35', NULL, NULL),
(84, 'Keegan Faria Vieira', '+5563981663761', NULL, NULL, NULL, NULL, '2023-11-01 13:56:35', NULL, NULL),
(85, 'Emmanuel Camargo Paulino', '+5563984831156', NULL, NULL, NULL, NULL, '2023-11-01 13:56:35', NULL, NULL),
(86, 'Brett Cruz Trindade Torres', '+5563992974396', NULL, NULL, NULL, NULL, '2023-11-01 13:56:35', NULL, NULL),
(87, 'Adam da Rosa de Fatima de Oliveira', '+5563992332754', NULL, NULL, NULL, NULL, '2023-11-01 13:56:35', NULL, NULL),
(88, 'Demetrius Aguiar Leal Inacio', '+5563984682751', NULL, NULL, NULL, NULL, '2023-11-01 13:56:35', NULL, NULL),
(89, 'Aretha Custodio Souza', '+5563999127165', NULL, NULL, NULL, NULL, '2023-11-01 13:56:35', NULL, NULL),
(90, 'Clinton Matias Martins', '+5563999621648', '85087721392', '3976957', 'SSP-MA', 'clintonmatiasmartins177@hotmail.com', '2023-11-01 13:56:35', NULL, NULL),
(91, 'Guinevere Souza de Castro', '+5563984479412', '74154322824', '5867442', 'SSP-SP', 'guineveresouzadecastro4173@outlook.com', '2023-11-01 13:56:35', NULL, NULL),
(92, 'Ian Rezende Gonzaga', '+5563992482859', NULL, NULL, NULL, NULL, '2023-11-01 13:56:35', NULL, NULL),
(93, 'Xyla Martins de Moraes', '+5563981313822', NULL, NULL, NULL, NULL, '2023-11-01 13:56:35', NULL, NULL),
(94, 'Ariel Franca de Abreu Evangelista', '+5563981308648', NULL, NULL, NULL, NULL, '2023-11-01 13:56:35', NULL, NULL),
(95, 'Linda Correia Matos', '+5563981661713', NULL, NULL, NULL, NULL, '2023-11-01 13:56:35', NULL, NULL),
(96, 'Jeanette Ribeiro Fagundes', '+5563999563764', '17113949168', '5566941', 'SSP-DF', 'jeanetteribeirofagundes1869@yahoo.com', '2023-11-01 13:56:35', NULL, NULL),
(97, 'Clinton Correia Aguiar', '+5563992146123', '72416621159', '3663075', 'SSP-SP', 'clintoncorreiaaguiar4196@yahoo.com', '2023-11-01 13:56:35', NULL, NULL),
(98, 'Sonya de Almeida de Souza', '+5563992221509', NULL, NULL, NULL, NULL, '2023-11-01 13:56:35', NULL, NULL),
(99, 'Sandra da Silveira Rodrigues', '+5563981405794', '25291893273', '8013385', 'SSP-TO', 'sandradasilveirarodrigues5264@outlook.com', '2023-11-01 13:56:35', NULL, NULL),
(100, 'Sydnee Mendonca Mariano', '+5563981136203', NULL, NULL, NULL, NULL, '2023-11-01 13:56:35', NULL, NULL),
(101, 'Belle Souza Peixoto', '+5563981795543', NULL, NULL, NULL, NULL, '2023-11-01 13:56:35', NULL, NULL),
(102, 'Kamal da Costa Ribeiro', '+5563992215149', '50634886718', '2995253', 'SSP-PI', 'kamaldacostaribeiro@outlook.com', '2023-11-01 13:56:35', NULL, NULL),
(103, 'Althea Das Gracas Braga', '+5563999231129', '92088237557', '5162564', 'SSP-PI', 'altheadasgracasbraga@hotmail.com', '2023-11-01 13:56:35', NULL, NULL),
(104, 'Edan da Cruz Mendonca', '+5563992128781', NULL, NULL, NULL, NULL, '2023-11-01 13:56:35', NULL, NULL),
(105, 'Phillip de Assis Felix', '+5563981575298', '41657716658', '1887116', 'SSP-BA', 'phillipdeassisfelix6089@outlook.com', '2023-11-01 13:56:35', NULL, NULL),
(106, 'Francis Chaves Nonato', '+5563984497597', '01474546287', '8650309', 'SSP-BA', 'francischavesnonato7209@gmail.com', '2023-11-01 13:56:35', NULL, NULL),
(107, 'Camille Vaz Ferraz', '+5563984230502', NULL, NULL, NULL, NULL, '2023-11-01 13:56:35', NULL, NULL),
(108, 'Lydia Bezerra Farias', '+5563999444688', '60452773485', '4491181', 'SSP-PI', 'lydiabezerrafarias1380@live.com', '2023-11-01 13:56:35', NULL, NULL),
(109, 'Ariana Feitosa Morais', '+5563992684221', '14522840215', '4242351', 'SSP-RJ', 'arianafeitosamorais@hotmail.com', '2023-11-01 13:56:35', NULL, NULL),
(110, 'Lara Rodrigues Gonçalves', '+5563981244312', NULL, NULL, NULL, NULL, '2023-11-01 13:56:35', NULL, NULL),
(111, 'Sylvester Bastos Azevedo', '+5563981888097', '18069276986', '6648765', 'SSP-RJ', 'sylvesterbastosazevedo@yahoo.com', '2023-11-01 13:56:35', NULL, NULL),
(112, 'Lunea Oliveira de Oliveira', '+5563981413465', '93436070479', '9671743', 'SSP-TO', 'luneaoliveiradeoliveira6873@yahoo.com', '2023-11-01 13:56:35', NULL, NULL),
(113, 'Graham Maia de Castro', '+5563984977265', NULL, NULL, NULL, NULL, '2023-11-01 13:56:35', NULL, NULL),
(114, 'Hiram Rodrigues Das Gracas', '+5563984001936', '19085828845', '4616985', 'SSP-GO', 'hiramrodriguesdasgracas@outlook.com', '2023-11-01 13:56:35', NULL, NULL),
(115, 'Olivia Guedes', '+5563981617150', NULL, NULL, NULL, NULL, '2023-11-01 13:56:35', NULL, NULL),
(116, 'Nayda Das Neves de Almeida', '+5563984825832', NULL, NULL, NULL, NULL, '2023-11-01 13:56:35', NULL, NULL),
(117, 'Gary Moraes da Rosa', '+5563999113639', NULL, NULL, NULL, NULL, '2023-11-01 13:56:35', NULL, NULL),
(118, 'Castor Santana Evangelista', '+5563992759788', NULL, NULL, NULL, NULL, '2023-11-01 13:56:35', NULL, NULL),
(119, 'Kyra Reis Correa', '+5563999154457', NULL, NULL, NULL, NULL, '2023-11-01 13:56:35', NULL, NULL),
(120, 'Slade Almeida Fernandes', '+5563999338285', NULL, NULL, NULL, NULL, '2023-11-01 13:56:35', NULL, NULL),
(121, 'Ryan Sampaio Henrique', '+5563984364160', '51163467611', '5675051', 'SSP-GO', 'ryansampaiohenrique2600@outlook.com', '2023-11-01 13:56:35', NULL, NULL),
(122, 'Micah de Assis Aparecido', '+5563999991610', NULL, NULL, NULL, NULL, '2023-11-01 13:56:35', NULL, NULL),
(123, 'Sacha de Freitas Franca', '+5563984656129', NULL, NULL, NULL, NULL, '2023-11-01 13:56:35', NULL, NULL),
(124, 'Heather Magalhaes de Assis', '+5563984534368', '07316384680', '3039614', 'SSP-GO', 'heathermagalhaesdeassis@hotmail.com', '2023-11-01 13:56:35', NULL, NULL),
(125, 'Trevor Barboza Araujo', '+5563984189718', '20426303416', '1632323', 'SSP-RJ', 'trevorbarbozaaraujo@outlook.com', '2023-11-01 13:56:35', NULL, NULL),
(126, 'Whilemina Dantas Trindade', '+5563992593786', NULL, NULL, NULL, NULL, '2023-11-01 13:56:35', NULL, NULL),
(127, 'Timothy Matias Sántos', '+5563999337738', NULL, NULL, NULL, NULL, '2023-11-01 13:56:35', NULL, NULL),
(128, 'Jayme Trindade Teles', '+5563992111313', NULL, NULL, NULL, NULL, '2023-11-01 13:56:35', NULL, NULL),
(129, 'Elvis Vaz Pinheiro', '+5563984215387', '43151582639', '1785197', 'SSP-MA', 'elvisvazpinheiro8380@outlook.com', '2023-11-01 13:56:35', NULL, NULL),
(130, 'Chadwick Tavares Faria', '+5563984753335', NULL, NULL, NULL, NULL, '2023-11-01 13:56:35', NULL, NULL),
(131, 'Shea de Souza Bispo', '+5563984521220', '50302554769', '8484011', 'SSP-PI', 'sheadesouzabispo@hotmail.com', '2023-11-01 13:56:35', NULL, NULL),
(132, 'Rudyard Garcia Maia', '+5563999216612', NULL, NULL, NULL, NULL, '2023-11-01 13:56:35', NULL, NULL),
(133, 'Whoopi Lemos', '+5563992568787', NULL, NULL, NULL, NULL, '2023-11-01 13:56:35', NULL, NULL),
(134, 'Pandora Correia Faria', '+5563992494486', '51366382652', '4811472', 'SSP-PI', 'pandoracorreiafaria1282@hotmail.com', '2023-11-01 13:56:35', NULL, NULL),
(135, 'Macaulay Correa Henrique', '+5563992739153', NULL, NULL, NULL, NULL, '2023-11-01 13:56:35', NULL, NULL),
(136, 'Jenette Barboza Domingos', '+5563981645186', NULL, NULL, NULL, NULL, '2023-11-01 13:56:35', NULL, NULL),
(137, 'Jesse Lopes Firmino', '+5563992211411', '74369740609', '8764985', 'SSP-DF', 'jesselopesfirmino@yahoo.com', '2023-11-01 13:56:35', NULL, NULL),
(138, 'Len de Santana Almeida', '+5563981954810', NULL, NULL, NULL, NULL, '2023-11-01 13:56:35', NULL, NULL),
(139, 'Quon de Sousa Chaves', '+5563999585171', NULL, NULL, NULL, NULL, '2023-11-01 13:56:35', NULL, NULL),
(140, 'Steven de Morais', '+5563992858663', '32618463593', '7750749', 'SSP-GO', 'stevendemorais@hotmail.com', '2023-11-01 13:56:35', NULL, NULL),
(141, 'MacKensie Melo Correia', '+5563981372774', '71122113149', '4365417', 'SSP-GO', 'mackensiemelocorreia@gmail.com', '2023-11-01 13:56:35', NULL, NULL),
(142, 'Sara Macedo Abreu', '+5563981036314', '93796736079', '0813908', 'SSP-SP', 'saramacedoabreu5866@yahoo.com', '2023-11-01 13:56:35', NULL, NULL),
(143, 'Branden Braz dos Santos', '+5563992483483', NULL, NULL, NULL, NULL, '2023-11-01 13:56:35', NULL, NULL),
(144, 'McKenzie Araujo Braz', '+5563981461582', '52574039207', '9322638', 'SSP-MA', 'mckenziearaujobraz@outlook.com', '2023-11-01 13:56:35', NULL, NULL),
(145, 'Brent Matias de Andrade', '+5563999889578', NULL, NULL, NULL, NULL, '2023-11-01 13:56:35', NULL, NULL),
(146, 'Maite Marques Ferreira', '+5563981672758', NULL, NULL, NULL, NULL, '2023-11-01 13:56:35', NULL, NULL),
(147, 'Madison de Moura Inacio', '+5563999843457', '64523622256', '0788167', 'SSP-BA', 'madisondemourainacio@yahoo.com', '2023-11-01 13:56:35', NULL, NULL),
(148, 'Clarke Soares Borges', '+5563981182291', NULL, NULL, NULL, NULL, '2023-11-01 13:56:35', NULL, NULL),
(149, 'Keely de Lima Feitosa', '+5563999821765', '18319854128', '3555423', 'SSP-SP', 'keelydelimafeitosa@hotmail.com', '2023-11-01 13:56:35', NULL, NULL),
(150, 'Hector Evangelista da Luz', '+5563984728432', NULL, NULL, NULL, NULL, '2023-11-01 13:56:35', NULL, NULL),
(151, 'Eleanor Nascimento Messias', '+5563984681333', NULL, NULL, NULL, NULL, '2023-11-01 13:56:35', NULL, NULL),
(152, 'Iliana dos Santos de Campos Sales', '+5563981292284', '79256611053', '1453881', 'SSP-MA', 'ilianadossantosdecampossales@outlook.com', '2023-11-01 13:56:35', NULL, NULL),
(153, 'Alma Das Neves Pinheiro', '+5563999543474', NULL, NULL, NULL, NULL, '2023-11-01 13:56:35', NULL, NULL),
(154, 'Daryl Teixeira Azevedo', '+5563981304486', NULL, NULL, NULL, NULL, '2023-11-01 13:56:35', NULL, NULL),
(155, 'Jade Sántos Paulino', '+5563984221041', NULL, NULL, NULL, NULL, '2023-11-01 13:56:35', NULL, NULL),
(156, 'Nyssa Coutinho', '+5563984811623', NULL, NULL, NULL, NULL, '2023-11-01 13:56:35', NULL, NULL),
(157, 'Echo Matias Cavalcante', '+5563999126754', NULL, NULL, NULL, NULL, '2023-11-01 13:56:35', NULL, NULL),
(158, 'Shana da Silveira', '+5563984450934', '98159645061', '7921831', 'SSP-MA', 'shanadasilveira@outlook.com', '2023-11-01 13:56:35', NULL, NULL),
(159, 'Zachary Silveira de Oliveira Sousa', '+5563992792799', NULL, NULL, NULL, NULL, '2023-11-01 13:56:35', NULL, NULL),
(160, 'Shellie Brandao de Assis', '+5563992736570', '87524556035', '1481744', 'SSP-GO', 'shelliebrandaodeassis@outlook.com', '2023-11-01 13:56:35', NULL, NULL),
(161, 'TaShya Leite Trindade Correia', '+5563992032623', '45697629136', '6755164', 'SSP-SP', 'tashyaleitetrindadecorreia@hotmail.com', '2023-11-01 13:56:35', NULL, NULL),
(162, 'Jaden Galdino Tavares de Melo', '+5563999448754', NULL, NULL, NULL, NULL, '2023-11-01 13:56:35', NULL, NULL),
(163, 'Kelsey de Moraes Maciel', '+5563992773640', '89236726874', '0645322', 'SSP-PI', 'kelseydemoraesmaciel@gmail.com', '2023-11-01 13:56:35', NULL, NULL),
(164, 'Hashim Peixoto Muniz', '+5563999882450', '02413535944', '2698438', 'SSP-RJ', 'hashimpeixotomuniz@yahoo.com', '2023-11-01 13:56:35', NULL, NULL),
(165, 'Cally Domingos Xavier', '+5563981215699', '81647281244', '3514400', 'SSP-GO', 'callydomingosxavier8711@yahoo.com', '2023-11-01 13:56:35', NULL, NULL),
(166, 'Colin Guedes Coelho', '+5563992725756', NULL, NULL, NULL, NULL, '2023-11-01 13:56:35', NULL, NULL),
(167, 'Burke Coutinho Melo', '+5563984599571', '14824667961', '6331780', 'SSP-BA', 'burkecoutinhomelo@outlook.com', '2023-11-01 13:56:35', NULL, NULL),
(168, 'Jena Messias Messias', '+5563992802881', NULL, NULL, NULL, NULL, '2023-11-01 13:56:35', NULL, NULL),
(169, 'Nelle Rezende Lopes', '+5563984667762', NULL, NULL, NULL, NULL, '2023-11-01 13:56:35', NULL, NULL),
(170, 'Blaze Vaz Silva', '+5563981357285', NULL, NULL, NULL, NULL, '2023-11-01 13:56:35', NULL, NULL),
(171, 'Laurel Barbosa de Campos', '+5563999253975', '20011250141', '9747657', 'SSP-RJ', 'laurelbarbosadecampos3926@hotmail.com', '2023-11-01 13:56:35', NULL, NULL),
(172, 'Patience Moreira Nascimento', '+5563981635341', NULL, NULL, NULL, NULL, '2023-11-01 13:56:35', NULL, NULL),
(173, 'Aimee Fonseca', '+5563992443002', NULL, NULL, NULL, NULL, '2023-11-01 13:56:35', NULL, NULL),
(174, 'Vernon Evangelista', '+5563999565446', '14034345417', '6905994', 'SSP-PI', 'vernonevangelista8088@live.com', '2023-11-01 13:56:35', NULL, NULL),
(175, 'Amal Alves Santiago Neves', '+5563999245314', NULL, NULL, NULL, NULL, '2023-11-01 13:56:35', NULL, NULL),
(176, 'Rhiannon Guimaraes', '+5563992756536', '17172958583', '4563163', 'SSP-PI', 'rhiannonguimaraes@gmail.com', '2023-11-01 13:56:35', NULL, NULL),
(177, 'Vivien Dias Guimaraes', '+5563981934686', '21888108887', '1239056', 'SSP-TO', 'viviendiasguimaraes@yahoo.com', '2023-11-01 13:56:35', NULL, NULL),
(178, 'Steven de Almeida Cardoso', '+5563984757678', '47195338589', '0625641', 'SSP-PI', 'stevendealmeidacardoso350@yahoo.com', '2023-11-01 13:56:35', NULL, NULL),
(179, 'Sharon Cardoso Furtado de Freitas', '+5563981788763', '81286644466', '8855248', 'SSP-PI', 'sharoncardosofurtadodefreitas8591@live.com', '2023-11-01 13:56:35', NULL, NULL),
(180, 'April Mota Pinto', '+5563984604721', NULL, NULL, NULL, NULL, '2023-11-01 13:56:35', NULL, NULL),
(181, 'Noel Nonato Das Chagas', '+5563999933686', NULL, NULL, NULL, NULL, '2023-11-01 13:56:35', NULL, NULL),
(182, 'Xantha Costa Queiroz', '+5563992834177', NULL, NULL, NULL, NULL, '2023-11-01 13:56:35', NULL, NULL),
(183, 'Kermit Carneiro Figueiredo', '+5563984352607', '52133225771', '6457164', 'SSP-GO', 'kermitcarneirofigueiredo@live.com', '2023-11-01 13:56:35', NULL, NULL),
(184, 'Jane Freitas Azevedo', '+5563999788808', '29427225982', '4743338', 'SSP-MA', 'janefreitasazevedo@hotmail.com', '2023-11-01 13:56:35', NULL, NULL),
(185, 'William Tavares de Matos', '+5563984549832', NULL, NULL, NULL, NULL, '2023-11-01 13:56:35', NULL, NULL),
(186, 'Walker Simoes Rocha', '+5563999921792', NULL, NULL, NULL, NULL, '2023-11-01 13:56:35', NULL, NULL),
(187, 'Michael Bastos Figueiredo de Araujo', '+5563999666811', NULL, NULL, NULL, NULL, '2023-11-01 13:56:35', NULL, NULL),
(188, 'Slade Coutinho', '+5563992166477', '87093764814', '8222381', 'SSP-DF', 'sladecoutinho494@hotmail.com', '2023-11-01 13:56:35', NULL, NULL),
(189, 'Denise Felix Moreira', '+5563984714341', NULL, NULL, NULL, NULL, '2023-11-01 13:56:35', NULL, NULL),
(190, 'Sylvia de Castro de Araujo', '+5563992464526', '85087468404', '7812437', 'SSP-PI', 'sylviadecastrodearaujo8536@gmail.com', '2023-11-01 13:56:35', NULL, NULL),
(191, 'Hanae Cruz de Castro', '+5563992688585', NULL, NULL, NULL, NULL, '2023-11-01 13:56:35', NULL, NULL),
(192, 'Samuel de Campos Bispo', '+5563992872417', NULL, NULL, NULL, NULL, '2023-11-01 13:56:35', NULL, NULL),
(193, 'Dahlia Brito Batista', '+5563999826785', NULL, NULL, NULL, NULL, '2023-11-01 13:56:35', NULL, NULL),
(194, 'Griffith Lemos Moraes', '+5563981711120', NULL, NULL, NULL, NULL, '2023-11-01 13:56:35', NULL, NULL),
(195, 'Hakeem Farias Siqueira', '+5563999727343', NULL, NULL, NULL, NULL, '2023-11-01 13:56:35', NULL, NULL),
(196, 'Sydnee Machado Custodio', '+5563992745579', '14866665019', '3112159', 'SSP-BA', 'sydneemachadocustodio@gmail.com', '2023-11-01 13:56:35', NULL, NULL),
(197, 'Colt Galdino de Moura', '+5563984048197', '37831556871', '3248161', 'SSP-BA', 'coltgaldinodemoura2609@hotmail.com', '2023-11-01 13:56:35', NULL, NULL),
(198, 'Indigo Medeiros Melo', '+5563992476173', '78816234363', '5486825', 'SSP-GO', 'indigomedeirosmelo1722@hotmail.com', '2023-11-01 13:56:35', NULL, NULL),
(199, 'Patricia Figueiredo', '+5563999817697', '47454803883', '2638631', 'SSP-DF', 'patriciafigueiredo541@live.com', '2023-11-01 13:56:35', NULL, NULL),
(200, 'Arden Sousa Cruz', '+5563984319735', NULL, NULL, NULL, NULL, '2023-11-01 13:56:35', NULL, NULL),
(201, 'Uriel Bastos Firmino', '+5563992580358', '65237389776', '4945568', 'SSP-GO', 'urielbastosfirmino8349@gmail.com', '2023-11-01 13:56:35', NULL, NULL);

-- --------------------------------------------------------

--
-- Estrutura da tabela `produtos`
--

CREATE TABLE `produtos` (
  `id` int(10) UNSIGNED NOT NULL,
  `nome` varchar(100) NOT NULL,
  `descricao` text NOT NULL,
  `valor_un` float NOT NULL COMMENT 'Armazena o valor de uma unidade do produto no momento atual.',
  `unidade_medida` enum('Unidade','Kilo','Grama') NOT NULL COMMENT 'unidade;\nkilo;\ngrama;\n',
  `disponivel` tinyint(1) NOT NULL DEFAULT 1,
  `criacao_data` datetime NOT NULL DEFAULT current_timestamp(),
  `alteracao_data` datetime DEFAULT NULL,
  `exclusao_data` datetime DEFAULT NULL
) ENGINE=InnoDB DEFAULT CHARSET=utf8 COLLATE=utf8_general_ci;

--
-- Extraindo dados da tabela `produtos`
--

INSERT INTO `produtos` (`id`, `nome`, `descricao`, `valor_un`, `unidade_medida`, `disponivel`, `criacao_data`, `alteracao_data`, `exclusao_data`) VALUES
(1, 'Sanduíche de Frango', 'Pão de hambúrguer com filé de frango grelhado, alface, tomate, queijo e maionese.', 9.99, 'Unidade', 1, '2023-11-01 16:27:19', NULL, NULL),
(2, 'Hamburguer Clássico', 'Pão de hambúrguer com carne bovina, queijo cheddar, alface, tomate, cebola, picles e maionese.', 10.99, 'Unidade', 1, '2023-11-01 16:27:19', NULL, NULL),
(3, 'Sanduíche Vegetariano', 'Pão integral com hambúrguer vegetariano, alface, tomate, cebola roxa, abacate e molho de iogurte.', 8.99, 'Unidade', 1, '2023-11-01 16:27:19', NULL, NULL),
(4, 'Cachorro-Quente Especial', 'Pão de cachorro-quente com salsicha, chilli, cebola caramelizada, queijo derretido e molho barbecue.', 7.99, 'Unidade', 1, '2023-11-01 16:27:19', NULL, NULL),
(5, 'Frango Grelhado Wrap', 'Tortilla com peito de frango grelhado, alface, cenoura ralada, molho de iogurte e mostarda.', 8.49, 'Unidade', 1, '2023-11-01 16:27:19', NULL, NULL),
(6, 'Sanduíche de Peixe', 'Pão de hambúrguer com filé de peixe empanado, alface, tomate e molho tártaro.', 11.99, 'Unidade', 1, '2023-11-01 16:27:19', NULL, NULL),
(7, 'Wrap de Frango Caesar', 'Tortilla com peito de frango grelhado, alface romana, queijo parmesão, croutons e molho Caesar.', 9.49, 'Unidade', 1, '2023-11-01 16:27:19', NULL, NULL),
(8, 'Hamburguer Duplo com Bacon', 'Pão de hambúrguer com dois hambúrgueres de carne bovina, queijo, bacon, alface, tomate e molho especial.', 12.99, 'Unidade', 1, '2023-11-01 16:27:19', NULL, NULL),
(9, 'Sanduíche de Peru e Abacate', 'Pão integral com peito de peru, abacate, alface, tomate, cebola roxa e maionese de mostarda e mel.', 10.99, 'Unidade', 1, '2023-11-01 16:27:19', NULL, NULL),
(10, 'Panini de Presunto e Queijo', 'Pão ciabatta com presunto, queijo suíço, rúcula e mostarda Dijon.', 8.49, 'Unidade', 1, '2023-11-01 16:27:19', NULL, NULL),
(11, 'Sanduíche de Carne de Porco Desfiada', 'Pão de hambúrguer com carne de porco desfiada, molho barbecue, coleslaw e picles.', 11.99, 'Unidade', 1, '2023-11-01 16:27:19', NULL, NULL),
(12, 'Wrap de Salada de Atum', 'Tortilla com salada de atum, alface, cenoura ralada, pepino, azeitonas pretas e molho de iogurte.', 7.99, 'Unidade', 1, '2023-11-01 16:27:19', NULL, NULL),
(13, 'Porção de Batata Frita', 'Porção generosa de batata frita crocante com molho de ketchup e maionese.', 6.99, 'Unidade', 1, '2023-11-01 16:37:56', NULL, NULL),
(14, 'Anéis de Cebola', 'Porção de anéis de cebola empanados e crocantes com molho de barbecue.', 5.49, 'Unidade', 1, '2023-11-01 16:37:56', NULL, NULL),
(15, 'Nuggets de Frango', 'Porção de nuggets de frango com molho de mostarda e mel.', 7.99, 'Unidade', 1, '2023-11-01 16:37:56', NULL, NULL),
(16, 'Porção de Frango à Passarinho', 'Porção de pedaços crocantes de frango fritos com tempero especial.', 8.99, 'Unidade', 1, '2023-11-01 16:37:56', NULL, NULL),
(17, 'Mandioca Frita', 'Porção de mandioca frita com molho de pimenta.', 6.49, 'Unidade', 1, '2023-11-01 16:37:56', NULL, NULL),
(18, 'Porção de Onion Rings', 'Porção de cebolas empanadas em formato de anéis com molho de queijo cheddar.', 5.99, 'Unidade', 1, '2023-11-01 16:37:56', NULL, NULL),
(19, 'Coca-Cola 300ml', 'Lata de Coca-Cola gelada, 300ml.', 3.5, 'Unidade', 1, '2023-11-01 16:38:16', NULL, NULL),
(20, 'Coca-Cola 600ml', 'Garrafa de Coca-Cola gelada, 600ml.', 5.99, 'Unidade', 1, '2023-11-01 16:38:16', NULL, NULL),
(21, 'Coca-Cola 1 Litro', 'Garrafa de Coca-Cola gelada, 1 litro.', 7.99, 'Unidade', 1, '2023-11-01 16:38:16', NULL, NULL),
(22, 'Coca-Cola 1,5 Litros', 'Garrafa de Coca-Cola gelada, 1,5 litros.', 9.99, 'Unidade', 1, '2023-11-01 16:38:16', NULL, NULL),
(23, 'Coca-Cola 2 Litros', 'Garrafa de Coca-Cola gelada, 2 litros.', 11.99, 'Unidade', 1, '2023-11-01 16:38:16', NULL, NULL),
(24, 'Guaraná Antártica 300ml', 'Garrafa de Guaraná Antártica gelada, 300ml.', 3, 'Unidade', 1, '2023-11-01 16:38:16', NULL, NULL),
(25, 'Guaraná Antártica 600ml', 'Garrafa de Guaraná Antártica gelada, 600ml.', 5.99, 'Unidade', 1, '2023-11-01 16:38:16', NULL, NULL),
(26, 'Guaraná Antártica 1 Litro', 'Garrafa de Guaraná Antártica gelada, 1 litro.', 7.99, 'Unidade', 1, '2023-11-01 16:38:16', NULL, NULL),
(27, 'Guaraná Antártica 1,5 Litros', 'Garrafa de Guaraná Antártica gelada, 1,5 litros.', 9.99, 'Unidade', 1, '2023-11-01 16:38:16', NULL, NULL),
(28, 'Guaraná Antártica 2 Litros', 'Garrafa de Guaraná Antártica gelada, 2 litros.', 11.99, 'Unidade', 1, '2023-11-01 16:38:16', NULL, NULL),
(29, 'Fanta Laranja 600ml', 'Garrafa de Fanta Laranja gelada, 600ml.', 5.99, 'Unidade', 1, '2023-11-01 16:38:16', NULL, NULL),
(30, 'Fanta Laranja 1 Litro', 'Garrafa de Fanta Laranja gelada, 1 litro.', 7.99, 'Unidade', 1, '2023-11-01 16:38:16', NULL, NULL),
(31, 'Fanta Laranja 1,5 Litros', 'Garrafa de Fanta Laranja gelada, 1,5 litros.', 9.99, 'Unidade', 1, '2023-11-01 16:38:16', NULL, NULL),
(32, 'Fanta Laranja 2 Litros', 'Garrafa de Fanta Laranja gelada, 2 litros.', 11.99, 'Unidade', 1, '2023-11-01 16:38:16', NULL, NULL),
(33, 'Fanta Uva 600ml', 'Garrafa de Fanta Uva gelada, 600ml.', 5.99, 'Unidade', 1, '2023-11-01 16:38:16', NULL, NULL),
(34, 'Fanta Uva 1 Litro', 'Garrafa de Fanta Uva gelada, 1 litro.', 7.99, 'Unidade', 1, '2023-11-01 16:38:16', NULL, NULL),
(35, 'Fanta Uva 1,5 Litros', 'Garrafa de Fanta Uva gelada, 1,5 litros.', 9.99, 'Unidade', 1, '2023-11-01 16:38:16', NULL, NULL),
(36, 'Fanta Uva 2 Litros', 'Garrafa de Fanta Uva gelada, 2 litros.', 11.99, 'Unidade', 1, '2023-11-01 16:38:16', NULL, NULL),
(37, 'Café Expresso', 'Café espresso forte e encorpado, 50ml.', 2.5, 'Unidade', 1, '2023-11-01 16:38:16', NULL, NULL),
(38, 'Água Mineral sem Gás', 'Garrafa de água mineral sem gás, 500ml.', 2, 'Unidade', 1, '2023-11-01 16:38:16', NULL, NULL),
(39, 'Água Mineral com Gás', 'Garrafa de água mineral sem gás, 500ml.', 3, 'Unidade', 1, '2023-11-01 16:38:16', NULL, NULL),
(40, 'Chá Gelado de Pêssego', 'Chá gelado refrescante de pêssego, 400ml.', 4.49, 'Unidade', 1, '2023-11-01 16:38:16', NULL, NULL),
(41, 'Chá Gelado de Mate', 'Chá gelado refrescante de Mate, 400ml.', 4.49, 'Unidade', 1, '2023-11-01 16:38:16', NULL, NULL),
(42, 'Suco de Laranja 300ml', 'Suco de laranja da fruta, gelado, 300ml.', 4.99, 'Unidade', 1, '2023-11-01 16:38:16', NULL, NULL),
(43, 'Suco de Laranja 500ml', 'Suco de laranja da fruta, gelado, 500ml.', 6.99, 'Unidade', 1, '2023-11-01 16:38:16', NULL, NULL),
(44, 'Suco de Laranja 1 Litro', 'Suco de laranja da fruta, gelado, 1 litro.', 11.99, 'Unidade', 1, '2023-11-01 16:38:16', NULL, NULL),
(45, 'Suco de Morango 300ml', 'Suco de morango da polpa, 300ml.', 4.99, 'Unidade', 1, '2023-11-01 16:38:16', NULL, NULL),
(46, 'Suco de Morango 500ml', 'Suco de morango da polpa, 500ml.', 6.99, 'Unidade', 1, '2023-11-01 16:38:16', NULL, NULL),
(47, 'Suco de Morango 1 Litro', 'Suco de morango da polpa, 1 litro.', 11.99, 'Unidade', 1, '2023-11-01 16:38:16', NULL, NULL),
(48, 'Suco de Abacaxi  300ml', 'Suco de abacaxi da polpa, 300ml.', 4.99, 'Unidade', 1, '2023-11-01 16:38:16', NULL, NULL),
(49, 'Suco de Abacaxi  500ml', 'Suco de abacaxi da polpa, 500ml.', 6.99, 'Unidade', 1, '2023-11-01 16:38:16', NULL, NULL),
(50, 'Suco de Abacaxi  1 Litro', 'Suco de abacaxi da polpa, 1 litro.', 11.99, 'Unidade', 1, '2023-11-01 16:38:16', NULL, NULL),
(51, 'Suco de Maçã  300ml', 'Suco de maçã da polpa, 300ml.', 4.99, 'Unidade', 1, '2023-11-01 16:38:16', NULL, NULL),
(52, 'Suco de Maçã  500ml', 'Suco de maçã da polpa, 500ml.', 6.99, 'Unidade', 1, '2023-11-01 16:38:16', NULL, NULL),
(53, 'Suco de Maçã 1 Litro', 'Suco de maçã da polpa, 1 litro.', 11.99, 'Unidade', 1, '2023-11-01 16:38:16', NULL, NULL),
(54, 'Açaí', 'Açaí agranel', 50.55, 'Kilo', 1, '2023-11-01 16:42:19', NULL, NULL);

-- --------------------------------------------------------

--
-- Estrutura da tabela `usuarios`
--

CREATE TABLE `usuarios` (
  `id` int(10) UNSIGNED NOT NULL,
  `pessoas_id` int(10) UNSIGNED NOT NULL,
  `cpf` varchar(12) NOT NULL COMMENT 'Campo de login do nosso sistema.',
  `password` varchar(255) NOT NULL,
  `email` varchar(100) NOT NULL,
  `ativo` tinyint(1) NOT NULL DEFAULT 1,
  `email_confirmacao` tinyint(1) NOT NULL DEFAULT 0 COMMENT 'Armazena se o e-mail do usuário já foi confirmado.',
  `exclusao_data` datetime DEFAULT NULL,
  `criacao_data` timestamp NULL DEFAULT current_timestamp(),
  `novacoluna` varchar(100) DEFAULT NULL
) ENGINE=InnoDB DEFAULT CHARSET=utf8 COLLATE=utf8_general_ci;

--
-- Índices para tabelas despejadas
--

--
-- Índices para tabela `atendimentos`
--
ALTER TABLE `atendimentos`
  ADD PRIMARY KEY (`id`),
  ADD KEY `fk_atendimentos_pessoas1_idx` (`pessoas_id`);

--
-- Índices para tabela `cofigs`
--
ALTER TABLE `cofigs`
  ADD PRIMARY KEY (`id`);

--
-- Índices para tabela `logs`
--
ALTER TABLE `logs`
  ADD PRIMARY KEY (`id`),
  ADD KEY `fk_logs_usuarios1_idx` (`usuarios_id`);

--
-- Índices para tabela `pagamentos`
--
ALTER TABLE `pagamentos`
  ADD PRIMARY KEY (`id`),
  ADD KEY `fk_lanchonete_forma_pagamento1_idx` (`pagamentos_tipos_id`),
  ADD KEY `fk_lanchonete_atendimentos1_idx` (`atendimentos_id`);

--
-- Índices para tabela `pagamentos_tipos`
--
ALTER TABLE `pagamentos_tipos`
  ADD PRIMARY KEY (`id`);

--
-- Índices para tabela `pedidos`
--
ALTER TABLE `pedidos`
  ADD PRIMARY KEY (`id`),
  ADD KEY `fk_pedidos_atendimentos1_idx` (`atendimentos_id`),
  ADD KEY `fk_pedidos_produtos1_idx` (`produtos_id`);

--
-- Índices para tabela `pessoas`
--
ALTER TABLE `pessoas`
  ADD PRIMARY KEY (`id`);

--
-- Índices para tabela `produtos`
--
ALTER TABLE `produtos`
  ADD PRIMARY KEY (`id`);

--
-- Índices para tabela `usuarios`
--
ALTER TABLE `usuarios`
  ADD PRIMARY KEY (`id`),
  ADD UNIQUE KEY `email_UNIQUE` (`email`),
  ADD UNIQUE KEY `cpf_UNIQUE` (`cpf`),
  ADD KEY `fk_usuarios_pessoas_idx` (`pessoas_id`);

--
-- AUTO_INCREMENT de tabelas despejadas
--

--
-- AUTO_INCREMENT de tabela `atendimentos`
--
ALTER TABLE `atendimentos`
  MODIFY `id` int(10) UNSIGNED NOT NULL AUTO_INCREMENT, AUTO_INCREMENT=202;

--
-- AUTO_INCREMENT de tabela `cofigs`
--
ALTER TABLE `cofigs`
  MODIFY `id` int(10) UNSIGNED NOT NULL AUTO_INCREMENT;

--
-- AUTO_INCREMENT de tabela `logs`
--
ALTER TABLE `logs`
  MODIFY `id` bigint(19) UNSIGNED NOT NULL AUTO_INCREMENT;

--
-- AUTO_INCREMENT de tabela `pagamentos`
--
ALTER TABLE `pagamentos`
  MODIFY `id` int(11) NOT NULL AUTO_INCREMENT, AUTO_INCREMENT=231;

--
-- AUTO_INCREMENT de tabela `pagamentos_tipos`
--
ALTER TABLE `pagamentos_tipos`
  MODIFY `id` int(11) NOT NULL AUTO_INCREMENT, AUTO_INCREMENT=6;

--
-- AUTO_INCREMENT de tabela `pedidos`
--
ALTER TABLE `pedidos`
  MODIFY `id` int(11) NOT NULL AUTO_INCREMENT, AUTO_INCREMENT=1001;

--
-- AUTO_INCREMENT de tabela `pessoas`
--
ALTER TABLE `pessoas`
  MODIFY `id` int(10) UNSIGNED NOT NULL AUTO_INCREMENT, AUTO_INCREMENT=202;

--
-- AUTO_INCREMENT de tabela `produtos`
--
ALTER TABLE `produtos`
  MODIFY `id` int(10) UNSIGNED NOT NULL AUTO_INCREMENT, AUTO_INCREMENT=55;

--
-- AUTO_INCREMENT de tabela `usuarios`
--
ALTER TABLE `usuarios`
  MODIFY `id` int(10) UNSIGNED NOT NULL AUTO_INCREMENT;

--
-- Restrições para despejos de tabelas
--

--
-- Limitadores para a tabela `atendimentos`
--
ALTER TABLE `atendimentos`
  ADD CONSTRAINT `fk_atendimentos_pessoas1` FOREIGN KEY (`pessoas_id`) REFERENCES `pessoas` (`id`) ON DELETE NO ACTION ON UPDATE NO ACTION;

--
-- Limitadores para a tabela `logs`
--
ALTER TABLE `logs`
  ADD CONSTRAINT `fk_logs_usuarios1` FOREIGN KEY (`usuarios_id`) REFERENCES `usuarios` (`id`) ON DELETE NO ACTION ON UPDATE NO ACTION;

--
-- Limitadores para a tabela `pagamentos`
--
ALTER TABLE `pagamentos`
  ADD CONSTRAINT `fk_lanchonete_atendimentos1` FOREIGN KEY (`atendimentos_id`) REFERENCES `atendimentos` (`id`) ON DELETE NO ACTION ON UPDATE NO ACTION,
  ADD CONSTRAINT `fk_lanchonete_forma_pagamento1` FOREIGN KEY (`pagamentos_tipos_id`) REFERENCES `pagamentos_tipos` (`id`) ON DELETE NO ACTION ON UPDATE NO ACTION;

--
-- Limitadores para a tabela `pedidos`
--
ALTER TABLE `pedidos`
  ADD CONSTRAINT `fk_pedidos_atendimentos1` FOREIGN KEY (`atendimentos_id`) REFERENCES `atendimentos` (`id`) ON DELETE NO ACTION ON UPDATE NO ACTION,
  ADD CONSTRAINT `fk_pedidos_produtos1` FOREIGN KEY (`produtos_id`) REFERENCES `produtos` (`id`) ON DELETE NO ACTION ON UPDATE NO ACTION;

--
-- Limitadores para a tabela `usuarios`
--
ALTER TABLE `usuarios`
  ADD CONSTRAINT `fk_usuarios_pessoas` FOREIGN KEY (`pessoas_id`) REFERENCES `pessoas` (`id`) ON DELETE NO ACTION ON UPDATE NO ACTION;

create view consumos as
select at.id as atendimentos_id, 
    (select round(sum(ped.valor_un * ped.quantidade),2)
    from pedidos as ped where ped.atendimentos_id = at.id) 
    as valor_pedidos,
at.taxa_servico, 
at.valor_desconto,
(select round(sum(pag.valor),2) 
from pagamentos as pag where pag.atendimentos_id = at.id) as valor_pago,
at.pagamento_data
from atendimentos as at;

COMMIT;

/*!40101 SET CHARACTER_SET_CLIENT=@OLD_CHARACTER_SET_CLIENT */;
/*!40101 SET CHARACTER_SET_RESULTS=@OLD_CHARACTER_SET_RESULTS */;
/*!40101 SET COLLATION_CONNECTION=@OLD_COLLATION_CONNECTION */;
